{
    "groundwater_monitoring_tube_static_id": 383,
    "deliver_gld_to_bro": false,
    "tube_type": "standaardbuis",
    "artesian_well_cap_present": "onbekend",
    "sediment_sump_present": "onbekend",
    "number_of_geo_ohm_cables": 0,
    "tube_material": "pe",
    "screen_length": 1.0,
    "sock_material": "onbekend",
    "sediment_sump_length": NaN,
    "groundwater_monitoring_well_id": 161,
    "groundwater_monitoring_tube_dynamic_id": 526,
    "tube_top_diameter": 57.0,
    "variable_diameter": "nee",
    "tube_status": "onbekend",
    "tube_top_position": 0.58,
    "tube_top_positioning_method": "onbekend",
    "tube_packing_material": "onbekend",
    "glue": "onbekend",
    "plain_tube_part_length": 10.86,
    "inserted_part_diameter": null,
    "inserted_part_length": null,
    "inserted_part_material": null,
    "registration_object_type": "groundwater_monitoring_well",
    "request_reference": "construction_nitg_B54E0235",
    "delivery_accountable_party": 20168636,
    "delivery_responsible_party": null,
    "quality_regime": "IMBRO/A",
    "under_privilege": "ja",
    "delivery_context": "archiefoverdracht",
    "construction_standard": "onbekend",
    "initial_function": "stand",
    "number_of_standpipes": 2,
    "ground_level_stable": "ja",
    "well_stability": "",
    "nitg_code": "B54E0235",
    "olga_code": null,
    "well_code": null,
    "owner": 20168636,
    "maintenance_responsible_party": 20168636,
    "well_head_protector": "koker",
    "well_construction_date": "1986-10-28",
    "well_removal_date": null,
    "monitoring_pdok_id": 41566,
    "delivered_to_bro": false,
    "location_id": 848,
    "coordinates": "POINT (42100 366840)",
    "referencesystem": "RD",
    "horizontal_positioning_method": "onbekend",
    "screen_top": -10.28,
    "screen_bot": -11.28,
    "name": "GMW000000050736-002",
    "metingen": 1,
    "x": 42100.0,
    "y": 366840.0,
    "lon": 3.7689996741794465,
    "lat": 51.27959761076724
}