{
    "groundwater_monitoring_tube_static_id": 710,
    "deliver_gld_to_bro": false,
    "tube_type": "standaardbuis",
    "artesian_well_cap_present": "onbekend",
    "sediment_sump_present": "onbekend",
    "number_of_geo_ohm_cables": 0,
    "tube_material": "pvc",
    "screen_length": 1.0,
    "sock_material": "onbekend",
    "sediment_sump_length": NaN,
    "groundwater_monitoring_well_id": 278,
    "groundwater_monitoring_tube_dynamic_id": 1182,
    "tube_top_diameter": 25.0,
    "variable_diameter": "nee",
    "tube_status": "onbekend",
    "tube_top_position": 0.47,
    "tube_top_positioning_method": "onbekend",
    "tube_packing_material": "onbekend",
    "glue": "onbekend",
    "plain_tube_part_length": 18.57,
    "inserted_part_diameter": null,
    "inserted_part_length": null,
    "inserted_part_material": null,
    "registration_object_type": "groundwater_monitoring_well",
    "request_reference": "construction_nitg_B53F0032",
    "delivery_accountable_party": 20168636,
    "delivery_responsible_party": null,
    "quality_regime": "IMBRO/A",
    "under_privilege": "ja",
    "delivery_context": "archiefoverdracht",
    "construction_standard": "onbekend",
    "initial_function": "stand",
    "number_of_standpipes": 1,
    "ground_level_stable": "ja",
    "well_stability": "",
    "nitg_code": "B53F0032",
    "olga_code": null,
    "well_code": null,
    "owner": 20168636,
    "maintenance_responsible_party": 20168636,
    "well_head_protector": "koker",
    "well_construction_date": "1985-12-12",
    "well_removal_date": null,
    "monitoring_pdok_id": 42076,
    "delivered_to_bro": false,
    "location_id": 965,
    "coordinates": "POINT (15920 371750)",
    "referencesystem": "RD",
    "horizontal_positioning_method": "onbekend",
    "screen_top": -18.1,
    "screen_bot": -19.1,
    "name": "GMW000000050853-001",
    "metingen": 1,
    "x": 15920.0,
    "y": 371750.0,
    "lon": 3.3920328735699785,
    "lat": 51.317890402551384
}