{
    "groundwater_monitoring_tube_static_id": 1715,
    "deliver_gld_to_bro": false,
    "tube_type": "standaardbuis",
    "artesian_well_cap_present": "onbekend",
    "sediment_sump_present": "onbekend",
    "number_of_geo_ohm_cables": 0,
    "tube_material": "pvc",
    "screen_length": 1.0,
    "sock_material": "onbekend",
    "sediment_sump_length": NaN,
    "groundwater_monitoring_well_id": 670,
    "groundwater_monitoring_tube_dynamic_id": 3525,
    "tube_top_diameter": 25.0,
    "variable_diameter": "nee",
    "tube_status": "onbekend",
    "tube_top_position": 0.93,
    "tube_top_positioning_method": "onbekend",
    "tube_packing_material": "onbekend",
    "glue": "onbekend",
    "plain_tube_part_length": 2.93,
    "inserted_part_diameter": null,
    "inserted_part_length": null,
    "inserted_part_material": null,
    "registration_object_type": "groundwater_monitoring_well",
    "request_reference": "construction_nitg_B42H0113",
    "delivery_accountable_party": 20168636,
    "delivery_responsible_party": null,
    "quality_regime": "IMBRO/A",
    "under_privilege": "ja",
    "delivery_context": "archiefoverdracht",
    "construction_standard": "onbekend",
    "initial_function": "stand",
    "number_of_standpipes": 1,
    "ground_level_stable": "nee",
    "well_stability": "stabielNAP",
    "nitg_code": "B42H0113",
    "olga_code": null,
    "well_code": null,
    "owner": 20168636,
    "maintenance_responsible_party": 20168636,
    "well_head_protector": "koker",
    "well_construction_date": "1979-01-01",
    "well_removal_date": null,
    "monitoring_pdok_id": 48933,
    "delivered_to_bro": false,
    "location_id": 1357,
    "coordinates": "POINT (56174 411064)",
    "referencesystem": "RD",
    "horizontal_positioning_method": "onbekend",
    "screen_top": -2.0,
    "screen_bot": -3.0,
    "name": "GMW000000057229-001",
    "metingen": 1,
    "x": 56174.0,
    "y": 411064.0,
    "lon": 3.9582361128973034,
    "lat": 51.67964160211669
}