{
    "groundwater_monitoring_tube_static_id": 969,
    "deliver_gld_to_bro": false,
    "tube_type": "standaardbuis",
    "artesian_well_cap_present": "onbekend",
    "sediment_sump_present": "onbekend",
    "number_of_geo_ohm_cables": 0,
    "tube_material": "pvc",
    "screen_length": 1.0,
    "sock_material": "onbekend",
    "sediment_sump_length": NaN,
    "groundwater_monitoring_well_id": 367,
    "groundwater_monitoring_tube_dynamic_id": 1669,
    "tube_top_diameter": 57.0,
    "variable_diameter": "nee",
    "tube_status": "onbekend",
    "tube_top_position": -0.71,
    "tube_top_positioning_method": "onbekend",
    "tube_packing_material": "onbekend",
    "glue": "onbekend",
    "plain_tube_part_length": 13.0,
    "inserted_part_diameter": null,
    "inserted_part_length": null,
    "inserted_part_material": null,
    "registration_object_type": "groundwater_monitoring_well",
    "request_reference": "construction_nitg_B54E0241",
    "delivery_accountable_party": 20168636,
    "delivery_responsible_party": null,
    "quality_regime": "IMBRO/A",
    "under_privilege": "ja",
    "delivery_context": "archiefoverdracht",
    "construction_standard": "onbekend",
    "initial_function": "stand",
    "number_of_standpipes": 2,
    "ground_level_stable": "ja",
    "well_stability": "",
    "nitg_code": "B54E0241",
    "olga_code": null,
    "well_code": null,
    "owner": 20168636,
    "maintenance_responsible_party": 20168636,
    "well_head_protector": "koker",
    "well_construction_date": "1987-10-01",
    "well_removal_date": null,
    "monitoring_pdok_id": 42452,
    "delivered_to_bro": false,
    "location_id": 1054,
    "coordinates": "POINT (49270 367470)",
    "referencesystem": "RD",
    "horizontal_positioning_method": "onbekend",
    "screen_top": -13.71,
    "screen_bot": -14.71,
    "name": "GMW000000050942-001",
    "metingen": 1,
    "x": 49270.0,
    "y": 367470.0,
    "lon": 3.871544836654897,
    "lat": 51.28664213527478
}