{
    "groundwater_monitoring_tube_static_id": 1488,
    "deliver_gld_to_bro": false,
    "tube_type": "standaardbuis",
    "artesian_well_cap_present": "onbekend",
    "sediment_sump_present": "onbekend",
    "number_of_geo_ohm_cables": 0,
    "tube_material": "pvc",
    "screen_length": 0.2,
    "sock_material": "onbekend",
    "sediment_sump_length": NaN,
    "groundwater_monitoring_well_id": 587,
    "groundwater_monitoring_tube_dynamic_id": 2839,
    "tube_top_diameter": NaN,
    "variable_diameter": "onbekend",
    "tube_status": "onbekend",
    "tube_top_position": 0.94,
    "tube_top_positioning_method": "onbekend",
    "tube_packing_material": "onbekend",
    "glue": "onbekend",
    "plain_tube_part_length": 2.14,
    "inserted_part_diameter": null,
    "inserted_part_length": null,
    "inserted_part_material": null,
    "registration_object_type": "groundwater_monitoring_well",
    "request_reference": "construction_nitg_B54A0058",
    "delivery_accountable_party": 20168636,
    "delivery_responsible_party": null,
    "quality_regime": "IMBRO/A",
    "under_privilege": "ja",
    "delivery_context": "archiefoverdracht",
    "construction_standard": "onbekend",
    "initial_function": "stand",
    "number_of_standpipes": 3,
    "ground_level_stable": "nee",
    "well_stability": "stabielNAP",
    "nitg_code": "B54A0058",
    "olga_code": null,
    "well_code": null,
    "owner": 20168636,
    "maintenance_responsible_party": 20168636,
    "well_head_protector": "koker",
    "well_construction_date": "1986-10-01",
    "well_removal_date": null,
    "monitoring_pdok_id": 47300,
    "delivered_to_bro": false,
    "location_id": 1274,
    "coordinates": "POINT (22400 365420)",
    "referencesystem": "RD",
    "horizontal_positioning_method": "onbekend",
    "screen_top": -1.2000000000000002,
    "screen_bot": -1.4000000000000001,
    "name": "GMW000000057343-001",
    "metingen": 1,
    "x": 22400.0,
    "y": 365420.0,
    "lon": 3.487304777699713,
    "lat": 51.262572085531474
}