{
    "groundwater_monitoring_tube_static_id": 1588,
    "deliver_gld_to_bro": false,
    "tube_type": "standaardbuis",
    "artesian_well_cap_present": "onbekend",
    "sediment_sump_present": "onbekend",
    "number_of_geo_ohm_cables": 0,
    "tube_material": "pvc",
    "screen_length": 1.0,
    "sock_material": "onbekend",
    "sediment_sump_length": NaN,
    "groundwater_monitoring_well_id": 625,
    "groundwater_monitoring_tube_dynamic_id": 3156,
    "tube_top_diameter": 57.0,
    "variable_diameter": "nee",
    "tube_status": "onbekend",
    "tube_top_position": 0.08,
    "tube_top_positioning_method": "onbekend",
    "tube_packing_material": "onbekend",
    "glue": "onbekend",
    "plain_tube_part_length": 13.92,
    "inserted_part_diameter": null,
    "inserted_part_length": null,
    "inserted_part_material": null,
    "registration_object_type": "groundwater_monitoring_well",
    "request_reference": "construction_nitg_B43C0348",
    "delivery_accountable_party": 20168636,
    "delivery_responsible_party": null,
    "quality_regime": "IMBRO/A",
    "under_privilege": "ja",
    "delivery_context": "archiefoverdracht",
    "construction_standard": "onbekend",
    "initial_function": "stand",
    "number_of_standpipes": 4,
    "ground_level_stable": "ja",
    "well_stability": "",
    "nitg_code": "B43C0348",
    "olga_code": null,
    "well_code": null,
    "owner": 20168636,
    "maintenance_responsible_party": 20168636,
    "well_head_protector": "koker",
    "well_construction_date": "1976-04-15",
    "well_removal_date": null,
    "monitoring_pdok_id": 48799,
    "delivered_to_bro": false,
    "location_id": 1312,
    "coordinates": "POINT (60931 411268)",
    "referencesystem": "RD",
    "horizontal_positioning_method": "tachymetrie10tot50cm",
    "screen_top": -13.84,
    "screen_bot": -14.84,
    "name": "GMW000000057184-001",
    "metingen": 1,
    "x": 60931.0,
    "y": 411268.0,
    "lon": 4.0269454784364935,
    "lat": 51.68229386987913
}