{
    "groundwater_monitoring_tube_static_id": 706,
    "deliver_gld_to_bro": false,
    "tube_type": "standaardbuis",
    "artesian_well_cap_present": "onbekend",
    "sediment_sump_present": "onbekend",
    "number_of_geo_ohm_cables": 0,
    "tube_material": "pvc",
    "screen_length": 1.0,
    "sock_material": "onbekend",
    "sediment_sump_length": NaN,
    "groundwater_monitoring_well_id": 276,
    "groundwater_monitoring_tube_dynamic_id": 1176,
    "tube_top_diameter": 25.0,
    "variable_diameter": "nee",
    "tube_status": "onbekend",
    "tube_top_position": -0.25,
    "tube_top_positioning_method": "onbekend",
    "tube_packing_material": "onbekend",
    "glue": "onbekend",
    "plain_tube_part_length": 33.45,
    "inserted_part_diameter": null,
    "inserted_part_length": null,
    "inserted_part_material": null,
    "registration_object_type": "groundwater_monitoring_well",
    "request_reference": "construction_nitg_B49C0107",
    "delivery_accountable_party": 20168636,
    "delivery_responsible_party": null,
    "quality_regime": "IMBRO/A",
    "under_privilege": "ja",
    "delivery_context": "archiefoverdracht",
    "construction_standard": "onbekend",
    "initial_function": "stand",
    "number_of_standpipes": 4,
    "ground_level_stable": "nee",
    "well_stability": "stabielNAP",
    "nitg_code": "B49C0107",
    "olga_code": null,
    "well_code": null,
    "owner": 20168636,
    "maintenance_responsible_party": 20168636,
    "well_head_protector": "koker",
    "well_construction_date": "1980-02-27",
    "well_removal_date": null,
    "monitoring_pdok_id": 42074,
    "delivered_to_bro": false,
    "location_id": 963,
    "coordinates": "POINT (60550 384100)",
    "referencesystem": "RD",
    "horizontal_positioning_method": "onbekend",
    "screen_top": -33.7,
    "screen_bot": -34.7,
    "name": "GMW000000050851-002",
    "metingen": 1,
    "x": 60550.0,
    "y": 384100.0,
    "lon": 4.028761436741239,
    "lat": 51.438083467187944
}