{
    "groundwater_monitoring_tube_static_id": 104,
    "deliver_gld_to_bro": false,
    "tube_type": "standaardbuis",
    "artesian_well_cap_present": "nee",
    "sediment_sump_present": "nee",
    "number_of_geo_ohm_cables": 0,
    "tube_material": "ijzer",
    "screen_length": 1.25,
    "sock_material": "onbekend",
    "sediment_sump_length": NaN,
    "groundwater_monitoring_well_id": 55,
    "groundwater_monitoring_tube_dynamic_id": 128,
    "tube_top_diameter": 50.0,
    "variable_diameter": "onbekend",
    "tube_status": "gebruiksklaar",
    "tube_top_position": 8.9,
    "tube_top_positioning_method": "onbekend",
    "tube_packing_material": "onbekend",
    "glue": "onbekend",
    "plain_tube_part_length": 5.57,
    "inserted_part_diameter": null,
    "inserted_part_length": null,
    "inserted_part_material": null,
    "registration_object_type": "groundwater_monitoring_well",
    "request_reference": "construction_nitg_B49D0120",
    "delivery_accountable_party": 20168636,
    "delivery_responsible_party": null,
    "quality_regime": "IMBRO/A",
    "under_privilege": "ja",
    "delivery_context": "archiefoverdracht",
    "construction_standard": "onbekend",
    "initial_function": "stand",
    "number_of_standpipes": 6,
    "ground_level_stable": "ja",
    "well_stability": "",
    "nitg_code": "B49D0120",
    "olga_code": null,
    "well_code": null,
    "owner": 20168636,
    "maintenance_responsible_party": 20168636,
    "well_head_protector": "koker",
    "well_construction_date": "1968-07-01",
    "well_removal_date": null,
    "monitoring_pdok_id": 40854,
    "delivered_to_bro": false,
    "location_id": 742,
    "coordinates": "POINT (73310 381200)",
    "referencesystem": "RD",
    "horizontal_positioning_method": "onbekend",
    "screen_top": 3.33,
    "screen_bot": 2.08,
    "name": "GMW000000050651-001",
    "metingen": 1,
    "x": 73310.0,
    "y": 381200.0,
    "lon": 4.21291583121016,
    "lat": 51.414012977842816
}