{
    "groundwater_monitoring_tube_static_id": 1074,
    "deliver_gld_to_bro": false,
    "tube_type": "standaardbuis",
    "artesian_well_cap_present": "onbekend",
    "sediment_sump_present": "onbekend",
    "number_of_geo_ohm_cables": 0,
    "tube_material": "pvc",
    "screen_length": 1.0,
    "sock_material": "onbekend",
    "sediment_sump_length": NaN,
    "groundwater_monitoring_well_id": 410,
    "groundwater_monitoring_tube_dynamic_id": 1874,
    "tube_top_diameter": 36.0,
    "variable_diameter": "nee",
    "tube_status": "onbekend",
    "tube_top_position": 1.86,
    "tube_top_positioning_method": "onbekend",
    "tube_packing_material": "onbekend",
    "glue": "onbekend",
    "plain_tube_part_length": 2.81,
    "inserted_part_diameter": null,
    "inserted_part_length": null,
    "inserted_part_material": null,
    "registration_object_type": "groundwater_monitoring_well",
    "request_reference": "construction_nitg_B54F0050",
    "delivery_accountable_party": 20168636,
    "delivery_responsible_party": null,
    "quality_regime": "IMBRO/A",
    "under_privilege": "ja",
    "delivery_context": "archiefoverdracht",
    "construction_standard": "onbekend",
    "initial_function": "stand",
    "number_of_standpipes": 2,
    "ground_level_stable": "nee",
    "well_stability": "stabielNAP",
    "nitg_code": "B54F0050",
    "olga_code": null,
    "well_code": null,
    "owner": 20168636,
    "maintenance_responsible_party": 20168636,
    "well_head_protector": "koker",
    "well_construction_date": "1985-10-22",
    "well_removal_date": null,
    "monitoring_pdok_id": 42590,
    "delivered_to_bro": false,
    "location_id": 1097,
    "coordinates": "POINT (59060 367720)",
    "referencesystem": "RD",
    "horizontal_positioning_method": "onbekend",
    "screen_top": -0.95,
    "screen_bot": -1.95,
    "name": "GMW000000050985-001",
    "metingen": 1,
    "x": 59060.0,
    "y": 367720.0,
    "lon": 4.011778085312031,
    "lat": 51.29063130902009
}