{
    "groundwater_monitoring_tube_static_id": 325,
    "deliver_gld_to_bro": false,
    "tube_type": "standaardbuis",
    "artesian_well_cap_present": "onbekend",
    "sediment_sump_present": "onbekend",
    "number_of_geo_ohm_cables": 0,
    "tube_material": "pe",
    "screen_length": 1.0,
    "sock_material": "onbekend",
    "sediment_sump_length": NaN,
    "groundwater_monitoring_well_id": 142,
    "groundwater_monitoring_tube_dynamic_id": 419,
    "tube_top_diameter": 57.0,
    "variable_diameter": "nee",
    "tube_status": "onbekend",
    "tube_top_position": 0.79,
    "tube_top_positioning_method": "onbekend",
    "tube_packing_material": "onbekend",
    "glue": "onbekend",
    "plain_tube_part_length": 2.83,
    "inserted_part_diameter": null,
    "inserted_part_length": null,
    "inserted_part_material": null,
    "registration_object_type": "groundwater_monitoring_well",
    "request_reference": "construction_nitg_B55A0240",
    "delivery_accountable_party": 20168636,
    "delivery_responsible_party": null,
    "quality_regime": "IMBRO/A",
    "under_privilege": "ja",
    "delivery_context": "archiefoverdracht",
    "construction_standard": "onbekend",
    "initial_function": "stand",
    "number_of_standpipes": 1,
    "ground_level_stable": "ja",
    "well_stability": "",
    "nitg_code": "B55A0240",
    "olga_code": null,
    "well_code": null,
    "owner": 20168636,
    "maintenance_responsible_party": 20168636,
    "well_head_protector": "koker",
    "well_construction_date": "1986-10-01",
    "well_removal_date": null,
    "monitoring_pdok_id": 41385,
    "delivered_to_bro": false,
    "location_id": 829,
    "coordinates": "POINT (63120 373040)",
    "referencesystem": "RD",
    "horizontal_positioning_method": "onbekend",
    "screen_top": -2.04,
    "screen_bot": -3.04,
    "name": "GMW000000050717-001",
    "metingen": 1,
    "x": 63120.0,
    "y": 373040.0,
    "lon": 4.068590552089617,
    "lat": 51.33911422676108
}