{
    "groundwater_monitoring_tube_static_id": 1515,
    "deliver_gld_to_bro": false,
    "tube_type": "standaardbuis",
    "artesian_well_cap_present": "onbekend",
    "sediment_sump_present": "onbekend",
    "number_of_geo_ohm_cables": 0,
    "tube_material": "pvc",
    "screen_length": 1.0,
    "sock_material": "onbekend",
    "sediment_sump_length": NaN,
    "groundwater_monitoring_well_id": 597,
    "groundwater_monitoring_tube_dynamic_id": 2913,
    "tube_top_diameter": 25.0,
    "variable_diameter": "nee",
    "tube_status": "onbekend",
    "tube_top_position": 1.61,
    "tube_top_positioning_method": "onbekend",
    "tube_packing_material": "onbekend",
    "glue": "onbekend",
    "plain_tube_part_length": 42.61,
    "inserted_part_diameter": null,
    "inserted_part_length": null,
    "inserted_part_material": null,
    "registration_object_type": "groundwater_monitoring_well",
    "request_reference": "construction_nitg_B49D0117",
    "delivery_accountable_party": 20168636,
    "delivery_responsible_party": null,
    "quality_regime": "IMBRO/A",
    "under_privilege": "ja",
    "delivery_context": "archiefoverdracht",
    "construction_standard": "onbekend",
    "initial_function": "stand",
    "number_of_standpipes": 6,
    "ground_level_stable": "nee",
    "well_stability": "stabielNAP",
    "nitg_code": "B49D0117",
    "olga_code": null,
    "well_code": null,
    "owner": 20168636,
    "maintenance_responsible_party": 20168636,
    "well_head_protector": "koker",
    "well_construction_date": "1968-02-01",
    "well_removal_date": null,
    "monitoring_pdok_id": 47310,
    "delivered_to_bro": false,
    "location_id": 1284,
    "coordinates": "POINT (71295 381709)",
    "referencesystem": "RD",
    "horizontal_positioning_method": "GPSOnbekend",
    "screen_top": -41.0,
    "screen_bot": -42.0,
    "name": "GMW000000057353-005",
    "metingen": 1,
    "x": 71295.0,
    "y": 381709.0,
    "lon": 4.183835706526095,
    "lat": 51.41829220222513
}