{
    "groundwater_monitoring_tube_static_id": 378,
    "deliver_gld_to_bro": false,
    "tube_type": "standaardbuis",
    "artesian_well_cap_present": "onbekend",
    "sediment_sump_present": "onbekend",
    "number_of_geo_ohm_cables": 0,
    "tube_material": "pvc",
    "screen_length": 1.0,
    "sock_material": "onbekend",
    "sediment_sump_length": NaN,
    "groundwater_monitoring_well_id": 160,
    "groundwater_monitoring_tube_dynamic_id": 518,
    "tube_top_diameter": 25.0,
    "variable_diameter": "nee",
    "tube_status": "onbekend",
    "tube_top_position": 5.83,
    "tube_top_positioning_method": "onbekend",
    "tube_packing_material": "onbekend",
    "glue": "onbekend",
    "plain_tube_part_length": 26.35,
    "inserted_part_diameter": null,
    "inserted_part_length": null,
    "inserted_part_material": null,
    "registration_object_type": "groundwater_monitoring_well",
    "request_reference": "construction_nitg_B48H0261",
    "delivery_accountable_party": 20168636,
    "delivery_responsible_party": null,
    "quality_regime": "IMBRO/A",
    "under_privilege": "ja",
    "delivery_context": "archiefoverdracht",
    "construction_standard": "onbekend",
    "initial_function": "stand",
    "number_of_standpipes": 2,
    "ground_level_stable": "ja",
    "well_stability": "",
    "nitg_code": "B48H0261",
    "olga_code": null,
    "well_code": null,
    "owner": 20168636,
    "maintenance_responsible_party": 20168636,
    "well_head_protector": "koker",
    "well_construction_date": "1985-10-31",
    "well_removal_date": null,
    "monitoring_pdok_id": 41565,
    "delivered_to_bro": false,
    "location_id": 847,
    "coordinates": "POINT (52460 375060)",
    "referencesystem": "RD",
    "horizontal_positioning_method": "onbekend",
    "screen_top": -20.520000000000003,
    "screen_bot": -21.520000000000003,
    "name": "GMW000000050735-002",
    "metingen": 1,
    "x": 52460.0,
    "y": 375060.0,
    "lon": 3.9150648860275155,
    "lat": 51.355434793164534
}