{
    "groundwater_monitoring_tube_static_id": 1114,
    "deliver_gld_to_bro": false,
    "tube_type": "standaardbuis",
    "artesian_well_cap_present": "onbekend",
    "sediment_sump_present": "onbekend",
    "number_of_geo_ohm_cables": 0,
    "tube_material": "pvc",
    "screen_length": 1.0,
    "sock_material": "onbekend",
    "sediment_sump_length": NaN,
    "groundwater_monitoring_well_id": 429,
    "groundwater_monitoring_tube_dynamic_id": 1961,
    "tube_top_diameter": 57.0,
    "variable_diameter": "nee",
    "tube_status": "onbekend",
    "tube_top_position": 0.45,
    "tube_top_positioning_method": "onbekend",
    "tube_packing_material": "onbekend",
    "glue": "onbekend",
    "plain_tube_part_length": 18.78,
    "inserted_part_diameter": null,
    "inserted_part_length": null,
    "inserted_part_material": null,
    "registration_object_type": "groundwater_monitoring_well",
    "request_reference": "construction_nitg_B43C0276",
    "delivery_accountable_party": 20168636,
    "delivery_responsible_party": null,
    "quality_regime": "IMBRO/A",
    "under_privilege": "ja",
    "delivery_context": "archiefoverdracht",
    "construction_standard": "onbekend",
    "initial_function": "stand",
    "number_of_standpipes": 2,
    "ground_level_stable": "nee",
    "well_stability": "stabielNAP",
    "nitg_code": "B43C0276",
    "olga_code": null,
    "well_code": null,
    "owner": 20168636,
    "maintenance_responsible_party": 20168636,
    "well_head_protector": "pot",
    "well_construction_date": "1983-03-03",
    "well_removal_date": null,
    "monitoring_pdok_id": 42705,
    "delivered_to_bro": false,
    "location_id": 1116,
    "coordinates": "POINT (69510 404610)",
    "referencesystem": "RD",
    "horizontal_positioning_method": "onbekend",
    "screen_top": -18.330000000000002,
    "screen_bot": -19.330000000000002,
    "name": "GMW000000051004-002",
    "metingen": 1,
    "x": 69510.0,
    "y": 404610.0,
    "lon": 4.152602914629186,
    "lat": 51.6238346178898
}