{
    "groundwater_monitoring_tube_static_id": 1173,
    "deliver_gld_to_bro": false,
    "tube_type": "volledigFilter",
    "artesian_well_cap_present": "onbekend",
    "sediment_sump_present": "onbekend",
    "number_of_geo_ohm_cables": 0,
    "tube_material": "pvc",
    "screen_length": 2.0,
    "sock_material": "onbekend",
    "sediment_sump_length": NaN,
    "groundwater_monitoring_well_id": 456,
    "groundwater_monitoring_tube_dynamic_id": 2126,
    "tube_top_diameter": NaN,
    "variable_diameter": "nee",
    "tube_status": "onbekend",
    "tube_top_position": 0.96,
    "tube_top_positioning_method": "onbekend",
    "tube_packing_material": "onbekend",
    "glue": "onbekend",
    "plain_tube_part_length": 0.0,
    "inserted_part_diameter": null,
    "inserted_part_length": null,
    "inserted_part_material": null,
    "registration_object_type": "groundwater_monitoring_well",
    "request_reference": "construction_nitg_B48B0069",
    "delivery_accountable_party": 20168636,
    "delivery_responsible_party": null,
    "quality_regime": "IMBRO/A",
    "under_privilege": "ja",
    "delivery_context": "archiefoverdracht",
    "construction_standard": "onbekend",
    "initial_function": "stand",
    "number_of_standpipes": 2,
    "ground_level_stable": "nee",
    "well_stability": "stabielNAP",
    "nitg_code": "B48B0069",
    "olga_code": null,
    "well_code": null,
    "owner": 20168636,
    "maintenance_responsible_party": 20168636,
    "well_head_protector": "koker",
    "well_construction_date": "1965-05-19",
    "well_removal_date": null,
    "monitoring_pdok_id": 42732,
    "delivered_to_bro": false,
    "location_id": 1143,
    "coordinates": "POINT (31870 398910)",
    "referencesystem": "RD",
    "horizontal_positioning_method": "onbekend",
    "screen_top": 0.96,
    "screen_bot": -1.04,
    "name": "GMW000000051031-001",
    "metingen": 1,
    "x": 31870.0,
    "y": 398910.0,
    "lon": 3.6112446207599262,
    "lat": 51.565622807993144
}