{
    "groundwater_monitoring_tube_static_id": 225,
    "deliver_gld_to_bro": false,
    "tube_type": "standaardbuis",
    "artesian_well_cap_present": "onbekend",
    "sediment_sump_present": "onbekend",
    "number_of_geo_ohm_cables": 0,
    "tube_material": "pvc",
    "screen_length": 2.0,
    "sock_material": "onbekend",
    "sediment_sump_length": NaN,
    "groundwater_monitoring_well_id": 103,
    "groundwater_monitoring_tube_dynamic_id": 249,
    "tube_top_diameter": 57.0,
    "variable_diameter": "nee",
    "tube_status": "onbekend",
    "tube_top_position": 2.08,
    "tube_top_positioning_method": "onbekend",
    "tube_packing_material": "onbekend",
    "glue": "onbekend",
    "plain_tube_part_length": 18.56,
    "inserted_part_diameter": null,
    "inserted_part_length": null,
    "inserted_part_material": null,
    "registration_object_type": "groundwater_monitoring_well",
    "request_reference": "construction_nitg_B42E0149",
    "delivery_accountable_party": 20168636,
    "delivery_responsible_party": null,
    "quality_regime": "IMBRO/A",
    "under_privilege": "ja",
    "delivery_context": "archiefoverdracht",
    "construction_standard": "onbekend",
    "initial_function": "stand",
    "number_of_standpipes": 3,
    "ground_level_stable": "ja",
    "well_stability": "",
    "nitg_code": "B42E0149",
    "olga_code": null,
    "well_code": null,
    "owner": 20168636,
    "maintenance_responsible_party": 20168636,
    "well_head_protector": "koker",
    "well_construction_date": "1990-04-12",
    "well_removal_date": null,
    "monitoring_pdok_id": 41244,
    "delivered_to_bro": false,
    "location_id": 790,
    "coordinates": "POINT (47447 417850)",
    "referencesystem": "RD",
    "horizontal_positioning_method": "GPSOnbekend",
    "screen_top": -16.479999999999997,
    "screen_bot": -18.479999999999997,
    "name": "GMW000000050678-003",
    "metingen": 1,
    "x": 47447.0,
    "y": 417850.0,
    "lon": 3.8299924397085907,
    "lat": 51.739011630823505
}