{
    "groundwater_monitoring_tube_static_id": 1315,
    "deliver_gld_to_bro": false,
    "tube_type": "standaardbuis",
    "artesian_well_cap_present": "onbekend",
    "sediment_sump_present": "onbekend",
    "number_of_geo_ohm_cables": 0,
    "tube_material": "pvc",
    "screen_length": 1.0,
    "sock_material": "onbekend",
    "sediment_sump_length": NaN,
    "groundwater_monitoring_well_id": 524,
    "groundwater_monitoring_tube_dynamic_id": 2428,
    "tube_top_diameter": 36.0,
    "variable_diameter": "nee",
    "tube_status": "onbekend",
    "tube_top_position": 2.61,
    "tube_top_positioning_method": "onbekend",
    "tube_packing_material": "onbekend",
    "glue": "onbekend",
    "plain_tube_part_length": 21.78,
    "inserted_part_diameter": null,
    "inserted_part_length": null,
    "inserted_part_material": null,
    "registration_object_type": "groundwater_monitoring_well",
    "request_reference": "construction_nitg_B48E0073",
    "delivery_accountable_party": 20168636,
    "delivery_responsible_party": null,
    "quality_regime": "IMBRO/A",
    "under_privilege": "ja",
    "delivery_context": "archiefoverdracht",
    "construction_standard": "onbekend",
    "initial_function": "stand",
    "number_of_standpipes": 3,
    "ground_level_stable": "nee",
    "well_stability": "stabielNAP",
    "nitg_code": "B48E0073",
    "olga_code": null,
    "well_code": null,
    "owner": 20168636,
    "maintenance_responsible_party": 20168636,
    "well_head_protector": "koker",
    "well_construction_date": "1960-01-01",
    "well_removal_date": null,
    "monitoring_pdok_id": 47052,
    "delivered_to_bro": false,
    "location_id": 1211,
    "coordinates": "POINT (41968 393749)",
    "referencesystem": "RD",
    "horizontal_positioning_method": "onbekend",
    "screen_top": -19.17,
    "screen_bot": -20.17,
    "name": "GMW000000057280-002",
    "metingen": 1,
    "x": 41968.0,
    "y": 393749.0,
    "lon": 3.75849740962488,
    "lat": 51.521369426305625
}