{
    "groundwater_monitoring_tube_static_id": 117,
    "deliver_gld_to_bro": false,
    "tube_type": "standaardbuis",
    "artesian_well_cap_present": "nee",
    "sediment_sump_present": "nee",
    "number_of_geo_ohm_cables": 0,
    "tube_material": "ijzer",
    "screen_length": 1.0,
    "sock_material": "onbekend",
    "sediment_sump_length": NaN,
    "groundwater_monitoring_well_id": 58,
    "groundwater_monitoring_tube_dynamic_id": 141,
    "tube_top_diameter": 32.0,
    "variable_diameter": "onbekend",
    "tube_status": "gebruiksklaar",
    "tube_top_position": 7.98,
    "tube_top_positioning_method": "waterpassing0tot2cm",
    "tube_packing_material": "onbekend",
    "glue": "onbekend",
    "plain_tube_part_length": 38.0,
    "inserted_part_diameter": null,
    "inserted_part_length": null,
    "inserted_part_material": null,
    "registration_object_type": "groundwater_monitoring_well",
    "request_reference": "construction_nitg_B48F0198",
    "delivery_accountable_party": 20168636,
    "delivery_responsible_party": null,
    "quality_regime": "IMBRO/A",
    "under_privilege": "ja",
    "delivery_context": "archiefoverdracht",
    "construction_standard": "onbekend",
    "initial_function": "stand",
    "number_of_standpipes": 3,
    "ground_level_stable": "ja",
    "well_stability": "",
    "nitg_code": "B48F0198",
    "olga_code": null,
    "well_code": null,
    "owner": 20168636,
    "maintenance_responsible_party": 20168636,
    "well_head_protector": "koker",
    "well_construction_date": "1979-03-15",
    "well_removal_date": null,
    "monitoring_pdok_id": 40857,
    "delivered_to_bro": false,
    "location_id": 745,
    "coordinates": "POINT (59420 390360)",
    "referencesystem": "RD",
    "horizontal_positioning_method": "onbekend",
    "screen_top": -30.02,
    "screen_bot": -31.02,
    "name": "GMW000000050654-002",
    "metingen": 1,
    "x": 59420.0,
    "y": 390360.0,
    "lon": 4.010813920190133,
    "lat": 51.49414902369355
}