{
    "groundwater_monitoring_tube_static_id": 617,
    "deliver_gld_to_bro": false,
    "tube_type": "standaardbuis",
    "artesian_well_cap_present": "onbekend",
    "sediment_sump_present": "onbekend",
    "number_of_geo_ohm_cables": 0,
    "tube_material": "pvc",
    "screen_length": 1.0,
    "sock_material": "onbekend",
    "sediment_sump_length": NaN,
    "groundwater_monitoring_well_id": 246,
    "groundwater_monitoring_tube_dynamic_id": 995,
    "tube_top_diameter": 36.0,
    "variable_diameter": "nee",
    "tube_status": "onbekend",
    "tube_top_position": 2.21,
    "tube_top_positioning_method": "onbekend",
    "tube_packing_material": "onbekend",
    "glue": "onbekend",
    "plain_tube_part_length": 2.7,
    "inserted_part_diameter": null,
    "inserted_part_length": null,
    "inserted_part_material": null,
    "registration_object_type": "groundwater_monitoring_well",
    "request_reference": "construction_nitg_B54A0047",
    "delivery_accountable_party": 20168636,
    "delivery_responsible_party": null,
    "quality_regime": "IMBRO/A",
    "under_privilege": "ja",
    "delivery_context": "archiefoverdracht",
    "construction_standard": "onbekend",
    "initial_function": "stand",
    "number_of_standpipes": 2,
    "ground_level_stable": "nee",
    "well_stability": "stabielNAP",
    "nitg_code": "B54A0047",
    "olga_code": null,
    "well_code": null,
    "owner": 20168636,
    "maintenance_responsible_party": 20168636,
    "well_head_protector": "pot",
    "well_construction_date": "1985-12-13",
    "well_removal_date": null,
    "monitoring_pdok_id": 41946,
    "delivered_to_bro": false,
    "location_id": 933,
    "coordinates": "POINT (21860 366580)",
    "referencesystem": "RD",
    "horizontal_positioning_method": "onbekend",
    "screen_top": -0.4900000000000002,
    "screen_bot": -1.4900000000000002,
    "name": "GMW000000050821-001",
    "metingen": 1,
    "x": 21860.0,
    "y": 366580.0,
    "lon": 3.479137405276717,
    "lat": 51.272867809854525
}