{
    "groundwater_monitoring_tube_static_id": 1335,
    "deliver_gld_to_bro": false,
    "tube_type": "volledigFilter",
    "artesian_well_cap_present": "onbekend",
    "sediment_sump_present": "onbekend",
    "number_of_geo_ohm_cables": 0,
    "tube_material": "pvc",
    "screen_length": 2.5,
    "sock_material": "onbekend",
    "sediment_sump_length": NaN,
    "groundwater_monitoring_well_id": 528,
    "groundwater_monitoring_tube_dynamic_id": 2463,
    "tube_top_diameter": NaN,
    "variable_diameter": "nee",
    "tube_status": "onbekend",
    "tube_top_position": 0.49,
    "tube_top_positioning_method": "onbekend",
    "tube_packing_material": "onbekend",
    "glue": "onbekend",
    "plain_tube_part_length": 0.0,
    "inserted_part_diameter": null,
    "inserted_part_length": null,
    "inserted_part_material": null,
    "registration_object_type": "groundwater_monitoring_well",
    "request_reference": "construction_nitg_B48E0150",
    "delivery_accountable_party": 20168636,
    "delivery_responsible_party": null,
    "quality_regime": "IMBRO/A",
    "under_privilege": "ja",
    "delivery_context": "archiefoverdracht",
    "construction_standard": "onbekend",
    "initial_function": "stand",
    "number_of_standpipes": 4,
    "ground_level_stable": "nee",
    "well_stability": "stabielNAP",
    "nitg_code": "B48E0150",
    "olga_code": null,
    "well_code": null,
    "owner": 20168636,
    "maintenance_responsible_party": 20168636,
    "well_head_protector": "koker",
    "well_construction_date": "1960-06-29",
    "well_removal_date": null,
    "monitoring_pdok_id": 47056,
    "delivered_to_bro": false,
    "location_id": 1215,
    "coordinates": "POINT (43119 395643)",
    "referencesystem": "RD",
    "horizontal_positioning_method": "GPSOnbekend",
    "screen_top": 0.49,
    "screen_bot": -2.01,
    "name": "GMW000000057284-001",
    "metingen": 1,
    "x": 43119.0,
    "y": 395643.0,
    "lon": 3.7744722789480316,
    "lat": 51.538618429081666
}