{
    "groundwater_monitoring_tube_static_id": 194,
    "deliver_gld_to_bro": false,
    "tube_type": "standaardbuis",
    "artesian_well_cap_present": "onbekend",
    "sediment_sump_present": "onbekend",
    "number_of_geo_ohm_cables": 0,
    "tube_material": "pvc",
    "screen_length": 1.0,
    "sock_material": "onbekend",
    "sediment_sump_length": NaN,
    "groundwater_monitoring_well_id": 90,
    "groundwater_monitoring_tube_dynamic_id": 218,
    "tube_top_diameter": 35.0,
    "variable_diameter": "nee",
    "tube_status": "onbekend",
    "tube_top_position": 4.3,
    "tube_top_positioning_method": "onbekend",
    "tube_packing_material": "onbekend",
    "glue": "onbekend",
    "plain_tube_part_length": 3.0,
    "inserted_part_diameter": null,
    "inserted_part_length": null,
    "inserted_part_material": null,
    "registration_object_type": "groundwater_monitoring_well",
    "request_reference": "construction_nitg_B42H0047",
    "delivery_accountable_party": 20168636,
    "delivery_responsible_party": null,
    "quality_regime": "IMBRO/A",
    "under_privilege": "ja",
    "delivery_context": "archiefoverdracht",
    "construction_standard": "onbekend",
    "initial_function": "stand",
    "number_of_standpipes": 4,
    "ground_level_stable": "nee",
    "well_stability": "stabielNAP",
    "nitg_code": "B42H0047",
    "olga_code": null,
    "well_code": null,
    "owner": 20168636,
    "maintenance_responsible_party": 20168636,
    "well_head_protector": "koker",
    "well_construction_date": "1963-06-12",
    "well_removal_date": null,
    "monitoring_pdok_id": 40924,
    "delivered_to_bro": false,
    "location_id": 777,
    "coordinates": "POINT (57539 407934)",
    "referencesystem": "RD",
    "horizontal_positioning_method": "onbekend",
    "screen_top": 1.2999999999999998,
    "screen_bot": 0.2999999999999998,
    "name": "GMW000000051074-001",
    "metingen": 1,
    "x": 57539.0,
    "y": 407934.0,
    "lon": 3.978842834775858,
    "lat": 51.65175358965898
}