{
    "groundwater_monitoring_tube_static_id": 237,
    "deliver_gld_to_bro": false,
    "tube_type": "standaardbuis",
    "artesian_well_cap_present": "onbekend",
    "sediment_sump_present": "onbekend",
    "number_of_geo_ohm_cables": 0,
    "tube_material": "pvc",
    "screen_length": 1.0,
    "sock_material": "onbekend",
    "sediment_sump_length": NaN,
    "groundwater_monitoring_well_id": 111,
    "groundwater_monitoring_tube_dynamic_id": 261,
    "tube_top_diameter": NaN,
    "variable_diameter": "onbekend",
    "tube_status": "onbekend",
    "tube_top_position": 3.21,
    "tube_top_positioning_method": "onbekend",
    "tube_packing_material": "onbekend",
    "glue": "onbekend",
    "plain_tube_part_length": 11.58,
    "inserted_part_diameter": null,
    "inserted_part_length": null,
    "inserted_part_material": null,
    "registration_object_type": "groundwater_monitoring_well",
    "request_reference": "construction_nitg_B42G0044",
    "delivery_accountable_party": 20168636,
    "delivery_responsible_party": null,
    "quality_regime": "IMBRO/A",
    "under_privilege": "ja",
    "delivery_context": "archiefoverdracht",
    "construction_standard": "onbekend",
    "initial_function": "stand",
    "number_of_standpipes": 3,
    "ground_level_stable": "ja",
    "well_stability": "",
    "nitg_code": "B42G0044",
    "olga_code": null,
    "well_code": null,
    "owner": 20168636,
    "maintenance_responsible_party": 20168636,
    "well_head_protector": "koker",
    "well_construction_date": "1971-09-28",
    "well_removal_date": null,
    "monitoring_pdok_id": 41252,
    "delivered_to_bro": false,
    "location_id": 798,
    "coordinates": "POINT (48345 411911)",
    "referencesystem": "RD",
    "horizontal_positioning_method": "onbekend",
    "screen_top": -8.370000000000001,
    "screen_bot": -9.370000000000001,
    "name": "GMW000000050686-002",
    "metingen": 1,
    "x": 48345.0,
    "y": 411911.0,
    "lon": 3.8448115961314153,
    "lat": 51.68581677256351
}