{
    "groundwater_monitoring_tube_static_id": 216,
    "deliver_gld_to_bro": false,
    "tube_type": "standaardbuis",
    "artesian_well_cap_present": "onbekend",
    "sediment_sump_present": "onbekend",
    "number_of_geo_ohm_cables": 0,
    "tube_material": "pvc",
    "screen_length": 1.0,
    "sock_material": "onbekend",
    "sediment_sump_length": NaN,
    "groundwater_monitoring_well_id": 99,
    "groundwater_monitoring_tube_dynamic_id": 240,
    "tube_top_diameter": 57.0,
    "variable_diameter": "nee",
    "tube_status": "onbekend",
    "tube_top_position": 2.37,
    "tube_top_positioning_method": "onbekend",
    "tube_packing_material": "onbekend",
    "glue": "onbekend",
    "plain_tube_part_length": 19.74,
    "inserted_part_diameter": null,
    "inserted_part_length": null,
    "inserted_part_material": null,
    "registration_object_type": "groundwater_monitoring_well",
    "request_reference": "construction_nitg_B48F0141",
    "delivery_accountable_party": 20168636,
    "delivery_responsible_party": null,
    "quality_regime": "IMBRO/A",
    "under_privilege": "ja",
    "delivery_context": "archiefoverdracht",
    "construction_standard": "onbekend",
    "initial_function": "stand",
    "number_of_standpipes": 2,
    "ground_level_stable": "ja",
    "well_stability": "",
    "nitg_code": "B48F0141",
    "olga_code": null,
    "well_code": null,
    "owner": 20168636,
    "maintenance_responsible_party": 20168636,
    "well_head_protector": "koker",
    "well_construction_date": "1985-03-26",
    "well_removal_date": null,
    "monitoring_pdok_id": 40933,
    "delivered_to_bro": false,
    "location_id": 786,
    "coordinates": "POINT (55900 393830)",
    "referencesystem": "RD",
    "horizontal_positioning_method": "onbekend",
    "screen_top": -17.369999999999997,
    "screen_bot": -18.369999999999997,
    "name": "GMW000000051083-001",
    "metingen": 1,
    "x": 55900.0,
    "y": 393830.0,
    "lon": 3.9591603910808226,
    "lat": 51.52472335297456
}