{
    "groundwater_monitoring_tube_static_id": 1119,
    "deliver_gld_to_bro": false,
    "tube_type": "standaardbuis",
    "artesian_well_cap_present": "onbekend",
    "sediment_sump_present": "onbekend",
    "number_of_geo_ohm_cables": 0,
    "tube_material": "pvc",
    "screen_length": 1.0,
    "sock_material": "onbekend",
    "sediment_sump_length": NaN,
    "groundwater_monitoring_well_id": 432,
    "groundwater_monitoring_tube_dynamic_id": 1969,
    "tube_top_diameter": 36.0,
    "variable_diameter": "nee",
    "tube_status": "onbekend",
    "tube_top_position": 0.24,
    "tube_top_positioning_method": "onbekend",
    "tube_packing_material": "onbekend",
    "glue": "onbekend",
    "plain_tube_part_length": 1.5,
    "inserted_part_diameter": null,
    "inserted_part_length": null,
    "inserted_part_material": null,
    "registration_object_type": "groundwater_monitoring_well",
    "request_reference": "construction_nitg_B48C0156",
    "delivery_accountable_party": 20168636,
    "delivery_responsible_party": null,
    "quality_regime": "IMBRO/A",
    "under_privilege": "ja",
    "delivery_context": "archiefoverdracht",
    "construction_standard": "onbekend",
    "initial_function": "stand",
    "number_of_standpipes": 2,
    "ground_level_stable": "nee",
    "well_stability": "stabielNAP",
    "nitg_code": "B48C0156",
    "olga_code": null,
    "well_code": null,
    "owner": 20168636,
    "maintenance_responsible_party": 20168636,
    "well_head_protector": "koker",
    "well_construction_date": "1985-12-10",
    "well_removal_date": null,
    "monitoring_pdok_id": 42708,
    "delivered_to_bro": false,
    "location_id": 1119,
    "coordinates": "POINT (22300 379910)",
    "referencesystem": "RD",
    "horizontal_positioning_method": "onbekend",
    "screen_top": -1.26,
    "screen_bot": -2.26,
    "name": "GMW000000051007-001",
    "metingen": 1,
    "x": 22300.0,
    "y": 379910.0,
    "lon": 3.4804491555031896,
    "lat": 51.392737227342046
}