{
    "groundwater_monitoring_tube_static_id": 439,
    "deliver_gld_to_bro": false,
    "tube_type": "standaardbuis",
    "artesian_well_cap_present": "onbekend",
    "sediment_sump_present": "onbekend",
    "number_of_geo_ohm_cables": 0,
    "tube_material": "pvc",
    "screen_length": 2.0,
    "sock_material": "onbekend",
    "sediment_sump_length": NaN,
    "groundwater_monitoring_well_id": 183,
    "groundwater_monitoring_tube_dynamic_id": 642,
    "tube_top_diameter": 57.0,
    "variable_diameter": "nee",
    "tube_status": "onbekend",
    "tube_top_position": 2.59,
    "tube_top_positioning_method": "onbekend",
    "tube_packing_material": "onbekend",
    "glue": "onbekend",
    "plain_tube_part_length": 18.64,
    "inserted_part_diameter": null,
    "inserted_part_length": null,
    "inserted_part_material": null,
    "registration_object_type": "groundwater_monitoring_well",
    "request_reference": "construction_nitg_B42G0059",
    "delivery_accountable_party": 20168636,
    "delivery_responsible_party": null,
    "quality_regime": "IMBRO/A",
    "under_privilege": "ja",
    "delivery_context": "archiefoverdracht",
    "construction_standard": "onbekend",
    "initial_function": "stand",
    "number_of_standpipes": 4,
    "ground_level_stable": "ja",
    "well_stability": "",
    "nitg_code": "B42G0059",
    "olga_code": null,
    "well_code": null,
    "owner": 20168636,
    "maintenance_responsible_party": 20168636,
    "well_head_protector": "koker",
    "well_construction_date": "1990-04-12",
    "well_removal_date": null,
    "monitoring_pdok_id": 41685,
    "delivered_to_bro": false,
    "location_id": 870,
    "coordinates": "POINT (41140 401818)",
    "referencesystem": "RD",
    "horizontal_positioning_method": "onbekend",
    "screen_top": -16.05,
    "screen_bot": -18.05,
    "name": "GMW000000050758-003",
    "metingen": 1,
    "x": 41140.0,
    "y": 401818.0,
    "lon": 3.7439493871282115,
    "lat": 51.593707409713076
}