{
    "groundwater_monitoring_tube_static_id": 75,
    "deliver_gld_to_bro": false,
    "tube_type": "standaardbuis",
    "artesian_well_cap_present": "nee",
    "sediment_sump_present": "nee",
    "number_of_geo_ohm_cables": 0,
    "tube_material": "pvc",
    "screen_length": 1.0,
    "sock_material": "onbekend",
    "sediment_sump_length": NaN,
    "groundwater_monitoring_well_id": 41,
    "groundwater_monitoring_tube_dynamic_id": 93,
    "tube_top_diameter": 28.0,
    "variable_diameter": "nee",
    "tube_status": "gebruiksklaar",
    "tube_top_position": 0.5,
    "tube_top_positioning_method": "waterpassing0tot2cm",
    "tube_packing_material": "onbekend",
    "glue": "ongespecificeerd",
    "plain_tube_part_length": 1.06,
    "inserted_part_diameter": null,
    "inserted_part_length": null,
    "inserted_part_material": null,
    "registration_object_type": "groundwater_monitoring_well",
    "request_reference": "construction_nitg_B55A0341",
    "delivery_accountable_party": 20168636,
    "delivery_responsible_party": null,
    "quality_regime": "IMBRO/A",
    "under_privilege": "ja",
    "delivery_context": "archiefoverdracht",
    "construction_standard": "onbekend",
    "initial_function": "brandput",
    "number_of_standpipes": 1,
    "ground_level_stable": "onbekend",
    "well_stability": "onbekend",
    "nitg_code": "B55A0341",
    "olga_code": null,
    "well_code": null,
    "owner": 20168636,
    "maintenance_responsible_party": 20168636,
    "well_head_protector": "koker",
    "well_construction_date": "1995-10-04",
    "well_removal_date": null,
    "monitoring_pdok_id": 867,
    "delivered_to_bro": false,
    "location_id": 728,
    "coordinates": "POINT (63530 366300)",
    "referencesystem": "RD",
    "horizontal_positioning_method": "tachymetrie10tot50cm",
    "screen_top": -0.56,
    "screen_bot": -1.56,
    "name": "GMW000000004916-001",
    "metingen": 1,
    "x": 63530.0,
    "y": 366300.0,
    "lon": 4.076210488316588,
    "lat": 51.27860941684502
}