{
    "groundwater_monitoring_tube_static_id": 1600,
    "deliver_gld_to_bro": false,
    "tube_type": "standaardbuis",
    "artesian_well_cap_present": "onbekend",
    "sediment_sump_present": "onbekend",
    "number_of_geo_ohm_cables": 0,
    "tube_material": "pvc",
    "screen_length": 1.0,
    "sock_material": "onbekend",
    "sediment_sump_length": NaN,
    "groundwater_monitoring_well_id": 629,
    "groundwater_monitoring_tube_dynamic_id": 3194,
    "tube_top_diameter": 36.0,
    "variable_diameter": "nee",
    "tube_status": "onbekend",
    "tube_top_position": 2.74,
    "tube_top_positioning_method": "onbekend",
    "tube_packing_material": "onbekend",
    "glue": "onbekend",
    "plain_tube_part_length": 3.21,
    "inserted_part_diameter": null,
    "inserted_part_length": null,
    "inserted_part_material": null,
    "registration_object_type": "groundwater_monitoring_well",
    "request_reference": "construction_nitg_B42G0042",
    "delivery_accountable_party": 20168636,
    "delivery_responsible_party": null,
    "quality_regime": "IMBRO/A",
    "under_privilege": "ja",
    "delivery_context": "archiefoverdracht",
    "construction_standard": "onbekend",
    "initial_function": "stand",
    "number_of_standpipes": 6,
    "ground_level_stable": "nee",
    "well_stability": "stabielNAP",
    "nitg_code": "B42G0042",
    "olga_code": null,
    "well_code": null,
    "owner": 20168636,
    "maintenance_responsible_party": 20168636,
    "well_head_protector": "koker",
    "well_construction_date": "1968-02-14",
    "well_removal_date": null,
    "monitoring_pdok_id": 48803,
    "delivered_to_bro": false,
    "location_id": 1316,
    "coordinates": "POINT (49131 400222)",
    "referencesystem": "RD",
    "horizontal_positioning_method": "GPSOnbekend",
    "screen_top": -0.46999999999999975,
    "screen_bot": -1.4699999999999998,
    "name": "GMW000000057188-001",
    "metingen": 1,
    "x": 49131.0,
    "y": 400222.0,
    "lon": 3.85971963589291,
    "lat": 51.58092914958569
}