{
    "groundwater_monitoring_tube_static_id": 840,
    "deliver_gld_to_bro": false,
    "tube_type": "standaardbuis",
    "artesian_well_cap_present": "onbekend",
    "sediment_sump_present": "onbekend",
    "number_of_geo_ohm_cables": 0,
    "tube_material": "pvc",
    "screen_length": 1.0,
    "sock_material": "onbekend",
    "sediment_sump_length": NaN,
    "groundwater_monitoring_well_id": 322,
    "groundwater_monitoring_tube_dynamic_id": 1432,
    "tube_top_diameter": 57.0,
    "variable_diameter": "nee",
    "tube_status": "onbekend",
    "tube_top_position": 0.41,
    "tube_top_positioning_method": "onbekend",
    "tube_packing_material": "onbekend",
    "glue": "onbekend",
    "plain_tube_part_length": 27.92,
    "inserted_part_diameter": null,
    "inserted_part_length": null,
    "inserted_part_material": null,
    "registration_object_type": "groundwater_monitoring_well",
    "request_reference": "construction_nitg_B54F0057",
    "delivery_accountable_party": 20168636,
    "delivery_responsible_party": null,
    "quality_regime": "IMBRO/A",
    "under_privilege": "ja",
    "delivery_context": "archiefoverdracht",
    "construction_standard": "onbekend",
    "initial_function": "stand",
    "number_of_standpipes": 2,
    "ground_level_stable": "ja",
    "well_stability": "",
    "nitg_code": "B54F0057",
    "olga_code": null,
    "well_code": null,
    "owner": 20168636,
    "maintenance_responsible_party": 20168636,
    "well_head_protector": "koker",
    "well_construction_date": "1986-10-01",
    "well_removal_date": null,
    "monitoring_pdok_id": 42217,
    "delivered_to_bro": false,
    "location_id": 1009,
    "coordinates": "POINT (52290 373500)",
    "referencesystem": "RD",
    "horizontal_positioning_method": "onbekend",
    "screen_top": -27.51,
    "screen_bot": -28.51,
    "name": "GMW000000050897-002",
    "metingen": 1,
    "x": 52290.0,
    "y": 373500.0,
    "lon": 3.913077438801643,
    "lat": 51.34138528619818
}