{
    "groundwater_monitoring_tube_static_id": 766,
    "deliver_gld_to_bro": false,
    "tube_type": "standaardbuis",
    "artesian_well_cap_present": "onbekend",
    "sediment_sump_present": "onbekend",
    "number_of_geo_ohm_cables": 0,
    "tube_material": "onbekend",
    "screen_length": 1.0,
    "sock_material": "onbekend",
    "sediment_sump_length": NaN,
    "groundwater_monitoring_well_id": 297,
    "groundwater_monitoring_tube_dynamic_id": 1295,
    "tube_top_diameter": NaN,
    "variable_diameter": "onbekend",
    "tube_status": "onbekend",
    "tube_top_position": 0.12,
    "tube_top_positioning_method": "onbekend",
    "tube_packing_material": "onbekend",
    "glue": "onbekend",
    "plain_tube_part_length": 0.32,
    "inserted_part_diameter": null,
    "inserted_part_length": null,
    "inserted_part_material": null,
    "registration_object_type": "groundwater_monitoring_well",
    "request_reference": "construction_nitg_B42H0187",
    "delivery_accountable_party": 20168636,
    "delivery_responsible_party": null,
    "quality_regime": "IMBRO/A",
    "under_privilege": "ja",
    "delivery_context": "archiefoverdracht",
    "construction_standard": "onbekend",
    "initial_function": "stand",
    "number_of_standpipes": 3,
    "ground_level_stable": "nee",
    "well_stability": "stabielNAP",
    "nitg_code": "B42H0187",
    "olga_code": null,
    "well_code": null,
    "owner": 20168636,
    "maintenance_responsible_party": 20168636,
    "well_head_protector": "koker",
    "well_construction_date": "1962-01-05",
    "well_removal_date": null,
    "monitoring_pdok_id": 42192,
    "delivered_to_bro": false,
    "location_id": 984,
    "coordinates": "POINT (52875 411357)",
    "referencesystem": "RD",
    "horizontal_positioning_method": "tachymetrie10tot50cm",
    "screen_top": -0.2,
    "screen_bot": -1.2,
    "name": "GMW000000050872-001",
    "metingen": 1,
    "x": 52875.0,
    "y": 411357.0,
    "lon": 3.910463445152264,
    "lat": 51.68168281232733
}