{
    "groundwater_monitoring_tube_static_id": 189,
    "deliver_gld_to_bro": false,
    "tube_type": "standaardbuis",
    "artesian_well_cap_present": "onbekend",
    "sediment_sump_present": "onbekend",
    "number_of_geo_ohm_cables": 0,
    "tube_material": "pvc",
    "screen_length": 1.0,
    "sock_material": "onbekend",
    "sediment_sump_length": NaN,
    "groundwater_monitoring_well_id": 86,
    "groundwater_monitoring_tube_dynamic_id": 213,
    "tube_top_diameter": 36.0,
    "variable_diameter": "nee",
    "tube_status": "onbekend",
    "tube_top_position": -0.14,
    "tube_top_positioning_method": "onbekend",
    "tube_packing_material": "onbekend",
    "glue": "onbekend",
    "plain_tube_part_length": 64.48,
    "inserted_part_diameter": null,
    "inserted_part_length": null,
    "inserted_part_material": null,
    "registration_object_type": "groundwater_monitoring_well",
    "request_reference": "construction_nitg_B48F0199",
    "delivery_accountable_party": 20168636,
    "delivery_responsible_party": null,
    "quality_regime": "IMBRO/A",
    "under_privilege": "ja",
    "delivery_context": "archiefoverdracht",
    "construction_standard": "onbekend",
    "initial_function": "stand",
    "number_of_standpipes": 3,
    "ground_level_stable": "ja",
    "well_stability": "",
    "nitg_code": "B48F0199",
    "olga_code": null,
    "well_code": null,
    "owner": 20168636,
    "maintenance_responsible_party": 20168636,
    "well_head_protector": "koker",
    "well_construction_date": "1979-01-12",
    "well_removal_date": null,
    "monitoring_pdok_id": 40920,
    "delivered_to_bro": false,
    "location_id": 773,
    "coordinates": "POINT (57375 389005)",
    "referencesystem": "RD",
    "horizontal_positioning_method": "onbekend",
    "screen_top": -64.62,
    "screen_bot": -65.62,
    "name": "GMW000000051070-003",
    "metingen": 1,
    "x": 57375.0,
    "y": 389005.0,
    "lon": 3.9817496749219496,
    "lat": 51.48162159282664
}