{
    "groundwater_monitoring_tube_static_id": 1001,
    "deliver_gld_to_bro": false,
    "tube_type": "standaardbuis",
    "artesian_well_cap_present": "onbekend",
    "sediment_sump_present": "onbekend",
    "number_of_geo_ohm_cables": 0,
    "tube_material": "pvc",
    "screen_length": 2.0,
    "sock_material": "onbekend",
    "sediment_sump_length": NaN,
    "groundwater_monitoring_well_id": 379,
    "groundwater_monitoring_tube_dynamic_id": 1730,
    "tube_top_diameter": 57.0,
    "variable_diameter": "nee",
    "tube_status": "onbekend",
    "tube_top_position": -0.18,
    "tube_top_positioning_method": "onbekend",
    "tube_packing_material": "onbekend",
    "glue": "onbekend",
    "plain_tube_part_length": 9.89,
    "inserted_part_diameter": null,
    "inserted_part_length": null,
    "inserted_part_material": null,
    "registration_object_type": "groundwater_monitoring_well",
    "request_reference": "construction_nitg_B48B0151",
    "delivery_accountable_party": 20168636,
    "delivery_responsible_party": null,
    "quality_regime": "IMBRO/A",
    "under_privilege": "ja",
    "delivery_context": "archiefoverdracht",
    "construction_standard": "onbekend",
    "initial_function": "stand",
    "number_of_standpipes": 1,
    "ground_level_stable": "ja",
    "well_stability": "",
    "nitg_code": "B48B0151",
    "olga_code": null,
    "well_code": null,
    "owner": 20168636,
    "maintenance_responsible_party": 20168636,
    "well_head_protector": "koker",
    "well_construction_date": "1984-03-30",
    "well_removal_date": null,
    "monitoring_pdok_id": 42464,
    "delivered_to_bro": false,
    "location_id": 1066,
    "coordinates": "POINT (35375 395392)",
    "referencesystem": "RD",
    "horizontal_positioning_method": "onbekend",
    "screen_top": -10.07,
    "screen_bot": -12.07,
    "name": "GMW000000050954-001",
    "metingen": 1,
    "x": 35375.0,
    "y": 395392.0,
    "lon": 3.6629771331148278,
    "lat": 51.534769455695894
}