{
    "groundwater_monitoring_tube_static_id": 797,
    "deliver_gld_to_bro": false,
    "tube_type": "standaardbuis",
    "artesian_well_cap_present": "onbekend",
    "sediment_sump_present": "onbekend",
    "number_of_geo_ohm_cables": 0,
    "tube_material": "pvc",
    "screen_length": 1.0,
    "sock_material": "onbekend",
    "sediment_sump_length": NaN,
    "groundwater_monitoring_well_id": 309,
    "groundwater_monitoring_tube_dynamic_id": 1355,
    "tube_top_diameter": 57.0,
    "variable_diameter": "nee",
    "tube_status": "onbekend",
    "tube_top_position": 2.05,
    "tube_top_positioning_method": "onbekend",
    "tube_packing_material": "onbekend",
    "glue": "onbekend",
    "plain_tube_part_length": 18.46,
    "inserted_part_diameter": null,
    "inserted_part_length": null,
    "inserted_part_material": null,
    "registration_object_type": "groundwater_monitoring_well",
    "request_reference": "construction_nitg_B48F0144",
    "delivery_accountable_party": 20168636,
    "delivery_responsible_party": null,
    "quality_regime": "IMBRO/A",
    "under_privilege": "ja",
    "delivery_context": "archiefoverdracht",
    "construction_standard": "onbekend",
    "initial_function": "stand",
    "number_of_standpipes": 2,
    "ground_level_stable": "nee",
    "well_stability": "stabielNAP",
    "nitg_code": "B48F0144",
    "olga_code": null,
    "well_code": null,
    "owner": 20168636,
    "maintenance_responsible_party": 20168636,
    "well_head_protector": "koker",
    "well_construction_date": "1985-02-26",
    "well_removal_date": null,
    "monitoring_pdok_id": 42204,
    "delivered_to_bro": false,
    "location_id": 996,
    "coordinates": "POINT (53050 390750)",
    "referencesystem": "RD",
    "horizontal_positioning_method": "onbekend",
    "screen_top": -16.41,
    "screen_bot": -17.41,
    "name": "GMW000000050884-002",
    "metingen": 1,
    "x": 53050.0,
    "y": 390750.0,
    "lon": 3.9189982247187314,
    "lat": 51.49653656739201
}