{
    "groundwater_monitoring_tube_static_id": 133,
    "deliver_gld_to_bro": false,
    "tube_type": "standaardbuis",
    "artesian_well_cap_present": "nee",
    "sediment_sump_present": "ja",
    "number_of_geo_ohm_cables": 0,
    "tube_material": "pvc",
    "screen_length": 1.0,
    "sock_material": "onbekend",
    "sediment_sump_length": 0.5,
    "groundwater_monitoring_well_id": 62,
    "groundwater_monitoring_tube_dynamic_id": 157,
    "tube_top_diameter": 32.0,
    "variable_diameter": "onbekend",
    "tube_status": "gebruiksklaar",
    "tube_top_position": 9.56,
    "tube_top_positioning_method": "waterpassing0tot2cm",
    "tube_packing_material": "onbekend",
    "glue": "onbekend",
    "plain_tube_part_length": 16.14,
    "inserted_part_diameter": null,
    "inserted_part_length": null,
    "inserted_part_material": null,
    "registration_object_type": "groundwater_monitoring_well",
    "request_reference": "construction_nitg_B48C0163",
    "delivery_accountable_party": 20168636,
    "delivery_responsible_party": null,
    "quality_regime": "IMBRO/A",
    "under_privilege": "ja",
    "delivery_context": "archiefoverdracht",
    "construction_standard": "onbekend",
    "initial_function": "stand",
    "number_of_standpipes": 3,
    "ground_level_stable": "nee",
    "well_stability": "stabielNAP",
    "nitg_code": "B48C0163",
    "olga_code": null,
    "well_code": null,
    "owner": 20168636,
    "maintenance_responsible_party": 20168636,
    "well_head_protector": "koker",
    "well_construction_date": "1986-10-29",
    "well_removal_date": null,
    "monitoring_pdok_id": 40861,
    "delivered_to_bro": false,
    "location_id": 749,
    "coordinates": "POINT (24120 375360)",
    "referencesystem": "RD",
    "horizontal_positioning_method": "onbekend",
    "screen_top": -6.58,
    "screen_bot": -7.58,
    "name": "GMW000000050658-001",
    "metingen": 1,
    "x": 24120.0,
    "y": 375360.0,
    "lon": 3.5082705796709117,
    "lat": 51.35228105508727
}