{
    "groundwater_monitoring_tube_static_id": 589,
    "deliver_gld_to_bro": false,
    "tube_type": "standaardbuis",
    "artesian_well_cap_present": "onbekend",
    "sediment_sump_present": "onbekend",
    "number_of_geo_ohm_cables": 0,
    "tube_material": "pvc",
    "screen_length": 1.0,
    "sock_material": "onbekend",
    "sediment_sump_length": NaN,
    "groundwater_monitoring_well_id": 239,
    "groundwater_monitoring_tube_dynamic_id": 937,
    "tube_top_diameter": 36.0,
    "variable_diameter": "nee",
    "tube_status": "onbekend",
    "tube_top_position": 1.18,
    "tube_top_positioning_method": "onbekend",
    "tube_packing_material": "onbekend",
    "glue": "onbekend",
    "plain_tube_part_length": 2.08,
    "inserted_part_diameter": null,
    "inserted_part_length": null,
    "inserted_part_material": null,
    "registration_object_type": "groundwater_monitoring_well",
    "request_reference": "construction_nitg_B42F0029",
    "delivery_accountable_party": 20168636,
    "delivery_responsible_party": null,
    "quality_regime": "IMBRO/A",
    "under_privilege": "ja",
    "delivery_context": "archiefoverdracht",
    "construction_standard": "onbekend",
    "initial_function": "stand",
    "number_of_standpipes": 4,
    "ground_level_stable": "nee",
    "well_stability": "stabielNAP",
    "nitg_code": "B42F0029",
    "olga_code": null,
    "well_code": null,
    "owner": 20168636,
    "maintenance_responsible_party": 20168636,
    "well_head_protector": "koker",
    "well_construction_date": "1962-12-03",
    "well_removal_date": null,
    "monitoring_pdok_id": 41939,
    "delivered_to_bro": false,
    "location_id": 926,
    "coordinates": "POINT (53420 414480)",
    "referencesystem": "RD",
    "horizontal_positioning_method": "onbekend",
    "screen_top": -0.9000000000000001,
    "screen_bot": -1.9000000000000001,
    "name": "GMW000000050814-001",
    "metingen": 1,
    "x": 53420.0,
    "y": 414480.0,
    "lon": 3.9174300238622406,
    "lat": 51.709845479556535
}