{
    "groundwater_monitoring_tube_static_id": 157,
    "deliver_gld_to_bro": false,
    "tube_type": "standaardbuis",
    "artesian_well_cap_present": "onbekend",
    "sediment_sump_present": "onbekend",
    "number_of_geo_ohm_cables": 0,
    "tube_material": "pvc",
    "screen_length": 70.0,
    "sock_material": "onbekend",
    "sediment_sump_length": NaN,
    "groundwater_monitoring_well_id": 71,
    "groundwater_monitoring_tube_dynamic_id": 181,
    "tube_top_diameter": 150.0,
    "variable_diameter": "ja",
    "tube_status": "onbekend",
    "tube_top_position": -1.38,
    "tube_top_positioning_method": "onbekend",
    "tube_packing_material": "onbekend",
    "glue": "onbekend",
    "plain_tube_part_length": 117.83,
    "inserted_part_diameter": null,
    "inserted_part_length": null,
    "inserted_part_material": null,
    "registration_object_type": "groundwater_monitoring_well",
    "request_reference": "construction_nitg_B48G0084",
    "delivery_accountable_party": 20168636,
    "delivery_responsible_party": null,
    "quality_regime": "IMBRO/A",
    "under_privilege": "ja",
    "delivery_context": "archiefoverdracht",
    "construction_standard": "onbekend",
    "initial_function": "stand",
    "number_of_standpipes": 2,
    "ground_level_stable": "nee",
    "well_stability": "stabielNAP",
    "nitg_code": "B48G0084",
    "olga_code": null,
    "well_code": null,
    "owner": 20168636,
    "maintenance_responsible_party": 20168636,
    "well_head_protector": "koker",
    "well_construction_date": "1985-01-30",
    "well_removal_date": null,
    "monitoring_pdok_id": 40870,
    "delivered_to_bro": false,
    "location_id": 758,
    "coordinates": "POINT (44270 386040)",
    "referencesystem": "RD",
    "horizontal_positioning_method": "onbekend",
    "screen_top": -119.21,
    "screen_bot": -189.20999999999998,
    "name": "GMW000000050667-001",
    "metingen": 1,
    "x": 44270.0,
    "y": 386040.0,
    "lon": 3.7940823963267682,
    "lat": 51.45255532780873
}