{
    "groundwater_monitoring_tube_static_id": 884,
    "deliver_gld_to_bro": false,
    "tube_type": "standaardbuis",
    "artesian_well_cap_present": "onbekend",
    "sediment_sump_present": "onbekend",
    "number_of_geo_ohm_cables": 0,
    "tube_material": "pvc",
    "screen_length": 1.0,
    "sock_material": "onbekend",
    "sediment_sump_length": NaN,
    "groundwater_monitoring_well_id": 337,
    "groundwater_monitoring_tube_dynamic_id": 1517,
    "tube_top_diameter": 57.0,
    "variable_diameter": "nee",
    "tube_status": "onbekend",
    "tube_top_position": 1.65,
    "tube_top_positioning_method": "onbekend",
    "tube_packing_material": "onbekend",
    "glue": "onbekend",
    "plain_tube_part_length": 18.79,
    "inserted_part_diameter": null,
    "inserted_part_length": null,
    "inserted_part_material": null,
    "registration_object_type": "groundwater_monitoring_well",
    "request_reference": "construction_nitg_B49C0134",
    "delivery_accountable_party": 20168636,
    "delivery_responsible_party": null,
    "quality_regime": "IMBRO/A",
    "under_privilege": "ja",
    "delivery_context": "archiefoverdracht",
    "construction_standard": "onbekend",
    "initial_function": "stand",
    "number_of_standpipes": 2,
    "ground_level_stable": "nee",
    "well_stability": "stabielNAP",
    "nitg_code": "B49C0134",
    "olga_code": null,
    "well_code": null,
    "owner": 20168636,
    "maintenance_responsible_party": 20168636,
    "well_head_protector": "pot",
    "well_construction_date": "1983-03-05",
    "well_removal_date": null,
    "monitoring_pdok_id": 42327,
    "delivered_to_bro": false,
    "location_id": 1024,
    "coordinates": "POINT (66900 381180)",
    "referencesystem": "RD",
    "horizontal_positioning_method": "onbekend",
    "screen_top": -17.14,
    "screen_bot": -18.14,
    "name": "GMW000000050912-002",
    "metingen": 1,
    "x": 66900.0,
    "y": 381180.0,
    "lon": 4.120798381200695,
    "lat": 51.41286921389444
}