{
    "groundwater_monitoring_tube_static_id": 990,
    "deliver_gld_to_bro": false,
    "tube_type": "standaardbuis",
    "artesian_well_cap_present": "onbekend",
    "sediment_sump_present": "onbekend",
    "number_of_geo_ohm_cables": 0,
    "tube_material": "pvc",
    "screen_length": 1.0,
    "sock_material": "onbekend",
    "sediment_sump_length": NaN,
    "groundwater_monitoring_well_id": 375,
    "groundwater_monitoring_tube_dynamic_id": 1708,
    "tube_top_diameter": 25.0,
    "variable_diameter": "nee",
    "tube_status": "onbekend",
    "tube_top_position": 0.89,
    "tube_top_positioning_method": "onbekend",
    "tube_packing_material": "onbekend",
    "glue": "onbekend",
    "plain_tube_part_length": 20.89,
    "inserted_part_diameter": null,
    "inserted_part_length": null,
    "inserted_part_material": null,
    "registration_object_type": "groundwater_monitoring_well",
    "request_reference": "construction_nitg_B42H0208",
    "delivery_accountable_party": 20168636,
    "delivery_responsible_party": null,
    "quality_regime": "IMBRO/A",
    "under_privilege": "ja",
    "delivery_context": "archiefoverdracht",
    "construction_standard": "onbekend",
    "initial_function": "stand",
    "number_of_standpipes": 3,
    "ground_level_stable": "ja",
    "well_stability": "",
    "nitg_code": "B42H0208",
    "olga_code": null,
    "well_code": null,
    "owner": 20168636,
    "maintenance_responsible_party": 20168636,
    "well_head_protector": "koker",
    "well_construction_date": "1962-01-05",
    "well_removal_date": null,
    "monitoring_pdok_id": 42460,
    "delivered_to_bro": false,
    "location_id": 1062,
    "coordinates": "POINT (57805 406409)",
    "referencesystem": "RD",
    "horizontal_positioning_method": "onbekend",
    "screen_top": -20.0,
    "screen_bot": -21.0,
    "name": "GMW000000050950-002",
    "metingen": 1,
    "x": 57805.0,
    "y": 406409.0,
    "lon": 3.9831104374940454,
    "lat": 51.638095591606884
}