{
    "groundwater_monitoring_tube_static_id": 561,
    "deliver_gld_to_bro": false,
    "tube_type": "standaardbuis",
    "artesian_well_cap_present": "onbekend",
    "sediment_sump_present": "onbekend",
    "number_of_geo_ohm_cables": 0,
    "tube_material": "pvc",
    "screen_length": 1.0,
    "sock_material": "onbekend",
    "sediment_sump_length": NaN,
    "groundwater_monitoring_well_id": 229,
    "groundwater_monitoring_tube_dynamic_id": 887,
    "tube_top_diameter": 36.0,
    "variable_diameter": "nee",
    "tube_status": "onbekend",
    "tube_top_position": 2.22,
    "tube_top_positioning_method": "onbekend",
    "tube_packing_material": "onbekend",
    "glue": "onbekend",
    "plain_tube_part_length": 5.32,
    "inserted_part_diameter": null,
    "inserted_part_length": null,
    "inserted_part_material": null,
    "registration_object_type": "groundwater_monitoring_well",
    "request_reference": "construction_nitg_B42H0128",
    "delivery_accountable_party": 20168636,
    "delivery_responsible_party": null,
    "quality_regime": "IMBRO/A",
    "under_privilege": "ja",
    "delivery_context": "archiefoverdracht",
    "construction_standard": "onbekend",
    "initial_function": "stand",
    "number_of_standpipes": 3,
    "ground_level_stable": "nee",
    "well_stability": "stabielNAP",
    "nitg_code": "B42H0128",
    "olga_code": null,
    "well_code": null,
    "owner": 20168636,
    "maintenance_responsible_party": 20168636,
    "well_head_protector": "koker",
    "well_construction_date": "1961-09-14",
    "well_removal_date": null,
    "monitoring_pdok_id": 41829,
    "delivered_to_bro": false,
    "location_id": 916,
    "coordinates": "POINT (59518 408619)",
    "referencesystem": "RD",
    "horizontal_positioning_method": "onbekend",
    "screen_top": -3.1,
    "screen_bot": -4.1,
    "name": "GMW000000050804-001",
    "metingen": 1,
    "x": 59518.0,
    "y": 408619.0,
    "lon": 4.007244785166359,
    "lat": 51.6582498234261
}