{
    "groundwater_monitoring_tube_static_id": 431,
    "deliver_gld_to_bro": false,
    "tube_type": "standaardbuis",
    "artesian_well_cap_present": "onbekend",
    "sediment_sump_present": "onbekend",
    "number_of_geo_ohm_cables": 0,
    "tube_material": "onbekend",
    "screen_length": 1.0,
    "sock_material": "onbekend",
    "sediment_sump_length": NaN,
    "groundwater_monitoring_well_id": 180,
    "groundwater_monitoring_tube_dynamic_id": 624,
    "tube_top_diameter": NaN,
    "variable_diameter": "onbekend",
    "tube_status": "onbekend",
    "tube_top_position": 0.67,
    "tube_top_positioning_method": "onbekend",
    "tube_packing_material": "onbekend",
    "glue": "onbekend",
    "plain_tube_part_length": 1.28,
    "inserted_part_diameter": null,
    "inserted_part_length": null,
    "inserted_part_material": null,
    "registration_object_type": "groundwater_monitoring_well",
    "request_reference": "construction_nitg_B49B0570",
    "delivery_accountable_party": 20168636,
    "delivery_responsible_party": null,
    "quality_regime": "IMBRO/A",
    "under_privilege": "ja",
    "delivery_context": "archiefoverdracht",
    "construction_standard": "onbekend",
    "initial_function": "stand",
    "number_of_standpipes": 2,
    "ground_level_stable": "ja",
    "well_stability": "",
    "nitg_code": "B49B0570",
    "olga_code": null,
    "well_code": null,
    "owner": 20168636,
    "maintenance_responsible_party": 20168636,
    "well_head_protector": "koker",
    "well_construction_date": "1989-02-01",
    "well_removal_date": null,
    "monitoring_pdok_id": 41682,
    "delivered_to_bro": false,
    "location_id": 867,
    "coordinates": "POINT (72440 393110)",
    "referencesystem": "RD",
    "horizontal_positioning_method": "onbekend",
    "screen_top": -0.61,
    "screen_bot": -1.6099999999999999,
    "name": "GMW000000050755-002",
    "metingen": 1,
    "x": 72440.0,
    "y": 393110.0,
    "lon": 4.197618979035493,
    "lat": 51.520922709545026
}