{
    "groundwater_monitoring_tube_static_id": 138,
    "deliver_gld_to_bro": false,
    "tube_type": "standaardbuis",
    "artesian_well_cap_present": "nee",
    "sediment_sump_present": "nee",
    "number_of_geo_ohm_cables": 0,
    "tube_material": "pvc",
    "screen_length": 2.0,
    "sock_material": "onbekend",
    "sediment_sump_length": NaN,
    "groundwater_monitoring_well_id": 63,
    "groundwater_monitoring_tube_dynamic_id": 162,
    "tube_top_diameter": 25.0,
    "variable_diameter": "onbekend",
    "tube_status": "gebruiksklaar",
    "tube_top_position": 21.43,
    "tube_top_positioning_method": "waterpassing0tot2cm",
    "tube_packing_material": "onbekend",
    "glue": "onbekend",
    "plain_tube_part_length": 74.83,
    "inserted_part_diameter": null,
    "inserted_part_length": null,
    "inserted_part_material": null,
    "registration_object_type": "groundwater_monitoring_well",
    "request_reference": "construction_nitg_B48E0127",
    "delivery_accountable_party": 20168636,
    "delivery_responsible_party": null,
    "quality_regime": "IMBRO/A",
    "under_privilege": "ja",
    "delivery_context": "archiefoverdracht",
    "construction_standard": "onbekend",
    "initial_function": "stand",
    "number_of_standpipes": 6,
    "ground_level_stable": "ja",
    "well_stability": "",
    "nitg_code": "B48E0127",
    "olga_code": null,
    "well_code": null,
    "owner": 20168636,
    "maintenance_responsible_party": 20168636,
    "well_head_protector": "koker",
    "well_construction_date": "1968-01-01",
    "well_removal_date": null,
    "monitoring_pdok_id": 40862,
    "delivered_to_bro": false,
    "location_id": 750,
    "coordinates": "POINT (48045 399150)",
    "referencesystem": "RD",
    "horizontal_positioning_method": "onbekend",
    "screen_top": -53.4,
    "screen_bot": -55.4,
    "name": "GMW000000050659-004",
    "metingen": 1,
    "x": 48045.0,
    "y": 399150.0,
    "lon": 3.8443836757261676,
    "lat": 51.57109050279043
}