{
    "groundwater_monitoring_tube_static_id": 183,
    "deliver_gld_to_bro": false,
    "tube_type": "standaardbuis",
    "artesian_well_cap_present": "onbekend",
    "sediment_sump_present": "onbekend",
    "number_of_geo_ohm_cables": 0,
    "tube_material": "pvc",
    "screen_length": 1.0,
    "sock_material": "onbekend",
    "sediment_sump_length": NaN,
    "groundwater_monitoring_well_id": 83,
    "groundwater_monitoring_tube_dynamic_id": 207,
    "tube_top_diameter": 36.0,
    "variable_diameter": "nee",
    "tube_status": "onbekend",
    "tube_top_position": 2.48,
    "tube_top_positioning_method": "onbekend",
    "tube_packing_material": "onbekend",
    "glue": "onbekend",
    "plain_tube_part_length": 2.79,
    "inserted_part_diameter": null,
    "inserted_part_length": null,
    "inserted_part_material": null,
    "registration_object_type": "groundwater_monitoring_well",
    "request_reference": "construction_nitg_B43D0171",
    "delivery_accountable_party": 20168636,
    "delivery_responsible_party": null,
    "quality_regime": "IMBRO/A",
    "under_privilege": "ja",
    "delivery_context": "archiefoverdracht",
    "construction_standard": "onbekend",
    "initial_function": "stand",
    "number_of_standpipes": 1,
    "ground_level_stable": "nee",
    "well_stability": "stabielNAP",
    "nitg_code": "B43D0171",
    "olga_code": null,
    "well_code": null,
    "owner": 20168636,
    "maintenance_responsible_party": 20168636,
    "well_head_protector": "koker",
    "well_construction_date": "1985-12-19",
    "well_removal_date": null,
    "monitoring_pdok_id": 40917,
    "delivered_to_bro": false,
    "location_id": 770,
    "coordinates": "POINT (70400 405890)",
    "referencesystem": "RD",
    "horizontal_positioning_method": "onbekend",
    "screen_top": -0.31000000000000005,
    "screen_bot": -1.31,
    "name": "GMW000000051067-001",
    "metingen": 1,
    "x": 70400.0,
    "y": 405890.0,
    "lon": 4.16514283515858,
    "lat": 51.6354727364609
}