{
    "groundwater_monitoring_tube_static_id": 1019,
    "deliver_gld_to_bro": false,
    "tube_type": "standaardbuis",
    "artesian_well_cap_present": "onbekend",
    "sediment_sump_present": "onbekend",
    "number_of_geo_ohm_cables": 0,
    "tube_material": "pvc",
    "screen_length": 0.97,
    "sock_material": "onbekend",
    "sediment_sump_length": NaN,
    "groundwater_monitoring_well_id": 386,
    "groundwater_monitoring_tube_dynamic_id": 1761,
    "tube_top_diameter": 36.0,
    "variable_diameter": "nee",
    "tube_status": "onbekend",
    "tube_top_position": 1.75,
    "tube_top_positioning_method": "onbekend",
    "tube_packing_material": "onbekend",
    "glue": "onbekend",
    "plain_tube_part_length": 31.08,
    "inserted_part_diameter": null,
    "inserted_part_length": null,
    "inserted_part_material": null,
    "registration_object_type": "groundwater_monitoring_well",
    "request_reference": "construction_nitg_B43D0190",
    "delivery_accountable_party": 20168636,
    "delivery_responsible_party": null,
    "quality_regime": "IMBRO/A",
    "under_privilege": "ja",
    "delivery_context": "archiefoverdracht",
    "construction_standard": "onbekend",
    "initial_function": "stand",
    "number_of_standpipes": 2,
    "ground_level_stable": "nee",
    "well_stability": "stabielNAP",
    "nitg_code": "B43D0190",
    "olga_code": null,
    "well_code": null,
    "owner": 20168636,
    "maintenance_responsible_party": 20168636,
    "well_head_protector": "koker",
    "well_construction_date": "1983-03-16",
    "well_removal_date": null,
    "monitoring_pdok_id": 42471,
    "delivered_to_bro": false,
    "location_id": 1073,
    "coordinates": "POINT (70140 401240)",
    "referencesystem": "RD",
    "horizontal_positioning_method": "onbekend",
    "screen_top": -29.33,
    "screen_bot": -30.299999999999997,
    "name": "GMW000000050961-002",
    "metingen": 1,
    "x": 70140.0,
    "y": 401240.0,
    "lon": 4.162517269094216,
    "lat": 51.59364440936677
}