{
    "groundwater_monitoring_tube_static_id": 1509,
    "deliver_gld_to_bro": false,
    "tube_type": "standaardbuis",
    "artesian_well_cap_present": "onbekend",
    "sediment_sump_present": "onbekend",
    "number_of_geo_ohm_cables": 0,
    "tube_material": "pvc",
    "screen_length": 1.0,
    "sock_material": "onbekend",
    "sediment_sump_length": NaN,
    "groundwater_monitoring_well_id": 596,
    "groundwater_monitoring_tube_dynamic_id": 2908,
    "tube_top_diameter": 36.0,
    "variable_diameter": "nee",
    "tube_status": "onbekend",
    "tube_top_position": 0.83,
    "tube_top_positioning_method": "onbekend",
    "tube_packing_material": "onbekend",
    "glue": "onbekend",
    "plain_tube_part_length": 11.67,
    "inserted_part_diameter": null,
    "inserted_part_length": null,
    "inserted_part_material": null,
    "registration_object_type": "groundwater_monitoring_well",
    "request_reference": "construction_nitg_B48B0115",
    "delivery_accountable_party": 20168636,
    "delivery_responsible_party": null,
    "quality_regime": "IMBRO/A",
    "under_privilege": "ja",
    "delivery_context": "archiefoverdracht",
    "construction_standard": "onbekend",
    "initial_function": "stand",
    "number_of_standpipes": 6,
    "ground_level_stable": "ja",
    "well_stability": "",
    "nitg_code": "B48B0115",
    "olga_code": null,
    "well_code": null,
    "owner": 20168636,
    "maintenance_responsible_party": 20168636,
    "well_head_protector": "koker",
    "well_construction_date": "1968-12-01",
    "well_removal_date": null,
    "monitoring_pdok_id": 47309,
    "delivered_to_bro": false,
    "location_id": 1283,
    "coordinates": "POINT (35102 399341)",
    "referencesystem": "RD",
    "horizontal_positioning_method": "GPSOnbekend",
    "screen_top": -10.84,
    "screen_bot": -11.84,
    "name": "GMW000000057352-002",
    "metingen": 1,
    "x": 35102.0,
    "y": 399341.0,
    "lon": 3.657693104212463,
    "lat": 51.57019424990949
}