{
    "groundwater_monitoring_tube_static_id": 721,
    "deliver_gld_to_bro": false,
    "tube_type": "standaardbuis",
    "artesian_well_cap_present": "onbekend",
    "sediment_sump_present": "onbekend",
    "number_of_geo_ohm_cables": 0,
    "tube_material": "pvc",
    "screen_length": 1.0,
    "sock_material": "onbekend",
    "sediment_sump_length": NaN,
    "groundwater_monitoring_well_id": 282,
    "groundwater_monitoring_tube_dynamic_id": 1208,
    "tube_top_diameter": NaN,
    "variable_diameter": "onbekend",
    "tube_status": "onbekend",
    "tube_top_position": -0.59,
    "tube_top_positioning_method": "onbekend",
    "tube_packing_material": "onbekend",
    "glue": "onbekend",
    "plain_tube_part_length": 3.8,
    "inserted_part_diameter": null,
    "inserted_part_length": null,
    "inserted_part_material": null,
    "registration_object_type": "groundwater_monitoring_well",
    "request_reference": "construction_nitg_B43D0233",
    "delivery_accountable_party": 20168636,
    "delivery_responsible_party": null,
    "quality_regime": "IMBRO/A",
    "under_privilege": "ja",
    "delivery_context": "archiefoverdracht",
    "construction_standard": "onbekend",
    "initial_function": "stand",
    "number_of_standpipes": 3,
    "ground_level_stable": "ja",
    "well_stability": "",
    "nitg_code": "B43D0233",
    "olga_code": null,
    "well_code": null,
    "owner": 20168636,
    "maintenance_responsible_party": 20168636,
    "well_head_protector": "koker",
    "well_construction_date": "1989-03-01",
    "well_removal_date": null,
    "monitoring_pdok_id": 42080,
    "delivered_to_bro": false,
    "location_id": 969,
    "coordinates": "POINT (70110 406600)",
    "referencesystem": "RD",
    "horizontal_positioning_method": "onbekend",
    "screen_top": -4.39,
    "screen_bot": -5.39,
    "name": "GMW000000050857-001",
    "metingen": 1,
    "x": 70110.0,
    "y": 406600.0,
    "lon": 4.160781945742837,
    "lat": 51.64180959845229
}