{
    "groundwater_monitoring_tube_static_id": 144,
    "deliver_gld_to_bro": false,
    "tube_type": "standaardbuis",
    "artesian_well_cap_present": "nee",
    "sediment_sump_present": "nee",
    "number_of_geo_ohm_cables": 0,
    "tube_material": "pvc",
    "screen_length": 1.0,
    "sock_material": "onbekend",
    "sediment_sump_length": NaN,
    "groundwater_monitoring_well_id": 65,
    "groundwater_monitoring_tube_dynamic_id": 168,
    "tube_top_diameter": 50.0,
    "variable_diameter": "onbekend",
    "tube_status": "gebruiksklaar",
    "tube_top_position": 9.0,
    "tube_top_positioning_method": "onbekend",
    "tube_packing_material": "onbekend",
    "glue": "onbekend",
    "plain_tube_part_length": 23.3,
    "inserted_part_diameter": null,
    "inserted_part_length": null,
    "inserted_part_material": null,
    "registration_object_type": "groundwater_monitoring_well",
    "request_reference": "construction_nitg_B49C0143",
    "delivery_accountable_party": 20168636,
    "delivery_responsible_party": null,
    "quality_regime": "IMBRO/A",
    "under_privilege": "ja",
    "delivery_context": "archiefoverdracht",
    "construction_standard": "onbekend",
    "initial_function": "stand",
    "number_of_standpipes": 2,
    "ground_level_stable": "nee",
    "well_stability": "stabielNAP",
    "nitg_code": "B49C0143",
    "olga_code": null,
    "well_code": null,
    "owner": 20168636,
    "maintenance_responsible_party": 20168636,
    "well_head_protector": "koker",
    "well_construction_date": "1984-03-06",
    "well_removal_date": null,
    "monitoring_pdok_id": 40864,
    "delivered_to_bro": false,
    "location_id": 752,
    "coordinates": "POINT (66510 384080)",
    "referencesystem": "RD",
    "horizontal_positioning_method": "onbekend",
    "screen_top": -14.3,
    "screen_bot": -15.3,
    "name": "GMW000000050661-002",
    "metingen": 1,
    "x": 66510.0,
    "y": 384080.0,
    "lon": 4.114466147239289,
    "lat": 51.438870195313676
}