{
    "groundwater_monitoring_tube_static_id": 419,
    "deliver_gld_to_bro": false,
    "tube_type": "standaardbuis",
    "artesian_well_cap_present": "onbekend",
    "sediment_sump_present": "onbekend",
    "number_of_geo_ohm_cables": 0,
    "tube_material": "onbekend",
    "screen_length": 0.5,
    "sock_material": "onbekend",
    "sediment_sump_length": NaN,
    "groundwater_monitoring_well_id": 174,
    "groundwater_monitoring_tube_dynamic_id": 603,
    "tube_top_diameter": NaN,
    "variable_diameter": "onbekend",
    "tube_status": "onbekend",
    "tube_top_position": -0.78,
    "tube_top_positioning_method": "onbekend",
    "tube_packing_material": "onbekend",
    "glue": "onbekend",
    "plain_tube_part_length": 2.06,
    "inserted_part_diameter": null,
    "inserted_part_length": null,
    "inserted_part_material": null,
    "registration_object_type": "groundwater_monitoring_well",
    "request_reference": "construction_nitg_B42H0108",
    "delivery_accountable_party": 20168636,
    "delivery_responsible_party": null,
    "quality_regime": "IMBRO/A",
    "under_privilege": "ja",
    "delivery_context": "archiefoverdracht",
    "construction_standard": "onbekend",
    "initial_function": "stand",
    "number_of_standpipes": 4,
    "ground_level_stable": "nee",
    "well_stability": "stabielNAP",
    "nitg_code": "B42H0108",
    "olga_code": null,
    "well_code": null,
    "owner": 20168636,
    "maintenance_responsible_party": 20168636,
    "well_head_protector": "koker",
    "well_construction_date": "1962-11-06",
    "well_removal_date": null,
    "monitoring_pdok_id": 41676,
    "delivered_to_bro": false,
    "location_id": 861,
    "coordinates": "POINT (53935 410972)",
    "referencesystem": "RD",
    "horizontal_positioning_method": "onbekend",
    "screen_top": -2.84,
    "screen_bot": -3.34,
    "name": "GMW000000050749-004",
    "metingen": 1,
    "x": 53935.0,
    "y": 410972.0,
    "lon": 3.9258981158657402,
    "lat": 51.678415405521406
}