{
    "groundwater_monitoring_tube_static_id": 1415,
    "deliver_gld_to_bro": false,
    "tube_type": "standaardbuis",
    "artesian_well_cap_present": "onbekend",
    "sediment_sump_present": "onbekend",
    "number_of_geo_ohm_cables": 0,
    "tube_material": "pvc",
    "screen_length": 1.0,
    "sock_material": "onbekend",
    "sediment_sump_length": NaN,
    "groundwater_monitoring_well_id": 558,
    "groundwater_monitoring_tube_dynamic_id": 2638,
    "tube_top_diameter": 36.0,
    "variable_diameter": "nee",
    "tube_status": "onbekend",
    "tube_top_position": 2.47,
    "tube_top_positioning_method": "onbekend",
    "tube_packing_material": "onbekend",
    "glue": "onbekend",
    "plain_tube_part_length": 9.95,
    "inserted_part_diameter": null,
    "inserted_part_length": null,
    "inserted_part_material": null,
    "registration_object_type": "groundwater_monitoring_well",
    "request_reference": "construction_nitg_B42E0021",
    "delivery_accountable_party": 20168636,
    "delivery_responsible_party": null,
    "quality_regime": "IMBRO/A",
    "under_privilege": "ja",
    "delivery_context": "archiefoverdracht",
    "construction_standard": "onbekend",
    "initial_function": "stand",
    "number_of_standpipes": 3,
    "ground_level_stable": "nee",
    "well_stability": "stabielNAP",
    "nitg_code": "B42E0021",
    "olga_code": null,
    "well_code": null,
    "owner": 20168636,
    "maintenance_responsible_party": 20168636,
    "well_head_protector": "koker",
    "well_construction_date": "1958-04-25",
    "well_removal_date": null,
    "monitoring_pdok_id": 47177,
    "delivered_to_bro": false,
    "location_id": 1245,
    "coordinates": "POINT (47946 414470)",
    "referencesystem": "RD",
    "horizontal_positioning_method": "onbekend",
    "screen_top": -7.479999999999999,
    "screen_bot": -8.479999999999999,
    "name": "GMW000000057314-001",
    "metingen": 1,
    "x": 47946.0,
    "y": 414470.0,
    "lon": 3.838256096793477,
    "lat": 51.708735380340826
}