{
    "groundwater_monitoring_tube_static_id": 70,
    "deliver_gld_to_bro": false,
    "tube_type": "standaardbuis",
    "artesian_well_cap_present": "nee",
    "sediment_sump_present": "nee",
    "number_of_geo_ohm_cables": 0,
    "tube_material": "pvc",
    "screen_length": 0.5,
    "sock_material": "onbekend",
    "sediment_sump_length": NaN,
    "groundwater_monitoring_well_id": 37,
    "groundwater_monitoring_tube_dynamic_id": 84,
    "tube_top_diameter": 28.0,
    "variable_diameter": "nee",
    "tube_status": "nietGebruiksklaar",
    "tube_top_position": -0.5,
    "tube_top_positioning_method": "waterpassing0tot2cm",
    "tube_packing_material": "onbekend",
    "glue": "ongespecificeerd",
    "plain_tube_part_length": 1.06,
    "inserted_part_diameter": null,
    "inserted_part_length": null,
    "inserted_part_material": null,
    "registration_object_type": "groundwater_monitoring_well",
    "request_reference": "construction_nitg_B55A0364",
    "delivery_accountable_party": 20168636,
    "delivery_responsible_party": null,
    "quality_regime": "IMBRO/A",
    "under_privilege": "ja",
    "delivery_context": "archiefoverdracht",
    "construction_standard": "onbekend",
    "initial_function": "stand",
    "number_of_standpipes": 1,
    "ground_level_stable": "onbekend",
    "well_stability": "onbekend",
    "nitg_code": "B55A0364",
    "olga_code": null,
    "well_code": null,
    "owner": 20168636,
    "maintenance_responsible_party": 20168636,
    "well_head_protector": "koker",
    "well_construction_date": "2001-07-16",
    "well_removal_date": null,
    "monitoring_pdok_id": 863,
    "delivered_to_bro": false,
    "location_id": 724,
    "coordinates": "POINT (66859 371130)",
    "referencesystem": "RD",
    "horizontal_positioning_method": "GPSOnbekend",
    "screen_top": -1.56,
    "screen_bot": -2.06,
    "name": "GMW000000004896-001",
    "metingen": 1,
    "x": 66859.0,
    "y": 371130.0,
    "lon": 4.122712825713553,
    "lat": 51.3225440788596
}