{
    "groundwater_monitoring_tube_static_id": 226,
    "deliver_gld_to_bro": false,
    "tube_type": "standaardbuis",
    "artesian_well_cap_present": "onbekend",
    "sediment_sump_present": "onbekend",
    "number_of_geo_ohm_cables": 0,
    "tube_material": "pvc",
    "screen_length": 27.0,
    "sock_material": "onbekend",
    "sediment_sump_length": NaN,
    "groundwater_monitoring_well_id": 104,
    "groundwater_monitoring_tube_dynamic_id": 250,
    "tube_top_diameter": 150.0,
    "variable_diameter": "ja",
    "tube_status": "onbekend",
    "tube_top_position": 1.8,
    "tube_top_positioning_method": "onbekend",
    "tube_packing_material": "onbekend",
    "glue": "onbekend",
    "plain_tube_part_length": 75.89,
    "inserted_part_diameter": null,
    "inserted_part_length": null,
    "inserted_part_material": null,
    "registration_object_type": "groundwater_monitoring_well",
    "request_reference": "construction_nitg_B49C0129",
    "delivery_accountable_party": 20168636,
    "delivery_responsible_party": null,
    "quality_regime": "IMBRO/A",
    "under_privilege": "ja",
    "delivery_context": "archiefoverdracht",
    "construction_standard": "onbekend",
    "initial_function": "stand",
    "number_of_standpipes": 2,
    "ground_level_stable": "nee",
    "well_stability": "stabielNAP",
    "nitg_code": "B49C0129",
    "olga_code": null,
    "well_code": null,
    "owner": 20168636,
    "maintenance_responsible_party": 20168636,
    "well_head_protector": "koker",
    "well_construction_date": "1983-03-23",
    "well_removal_date": null,
    "monitoring_pdok_id": 41245,
    "delivered_to_bro": false,
    "location_id": 791,
    "coordinates": "POINT (63980 384760)",
    "referencesystem": "RD",
    "horizontal_positioning_method": "onbekend",
    "screen_top": -74.09,
    "screen_bot": -101.09,
    "name": "GMW000000050679-001",
    "metingen": 1,
    "x": 63980.0,
    "y": 384760.0,
    "lon": 4.077910956620335,
    "lat": 51.44457863302665
}