{
    "groundwater_monitoring_tube_static_id": 577,
    "deliver_gld_to_bro": false,
    "tube_type": "standaardbuis",
    "artesian_well_cap_present": "onbekend",
    "sediment_sump_present": "onbekend",
    "number_of_geo_ohm_cables": 0,
    "tube_material": "pvc",
    "screen_length": 1.0,
    "sock_material": "onbekend",
    "sediment_sump_length": NaN,
    "groundwater_monitoring_well_id": 236,
    "groundwater_monitoring_tube_dynamic_id": 910,
    "tube_top_diameter": 25.0,
    "variable_diameter": "nee",
    "tube_status": "onbekend",
    "tube_top_position": 2.06,
    "tube_top_positioning_method": "onbekend",
    "tube_packing_material": "onbekend",
    "glue": "onbekend",
    "plain_tube_part_length": 9.66,
    "inserted_part_diameter": null,
    "inserted_part_length": null,
    "inserted_part_material": null,
    "registration_object_type": "groundwater_monitoring_well",
    "request_reference": "construction_nitg_B48F0197",
    "delivery_accountable_party": 20168636,
    "delivery_responsible_party": null,
    "quality_regime": "IMBRO/A",
    "under_privilege": "ja",
    "delivery_context": "archiefoverdracht",
    "construction_standard": "onbekend",
    "initial_function": "stand",
    "number_of_standpipes": 3,
    "ground_level_stable": "ja",
    "well_stability": "",
    "nitg_code": "B48F0197",
    "olga_code": null,
    "well_code": null,
    "owner": 20168636,
    "maintenance_responsible_party": 20168636,
    "well_head_protector": "koker",
    "well_construction_date": "1979-01-12",
    "well_removal_date": null,
    "monitoring_pdok_id": 41936,
    "delivered_to_bro": false,
    "location_id": 923,
    "coordinates": "POINT (58800 389990)",
    "referencesystem": "RD",
    "horizontal_positioning_method": "onbekend",
    "screen_top": -7.6,
    "screen_bot": -8.6,
    "name": "GMW000000050811-002",
    "metingen": 1,
    "x": 58800.0,
    "y": 389990.0,
    "lon": 4.001989407347446,
    "lat": 51.490718447029195
}