{
    "groundwater_monitoring_tube_static_id": 913,
    "deliver_gld_to_bro": false,
    "tube_type": "standaardbuis",
    "artesian_well_cap_present": "onbekend",
    "sediment_sump_present": "onbekend",
    "number_of_geo_ohm_cables": 0,
    "tube_material": "pvc",
    "screen_length": 1.0,
    "sock_material": "onbekend",
    "sediment_sump_length": NaN,
    "groundwater_monitoring_well_id": 347,
    "groundwater_monitoring_tube_dynamic_id": 1569,
    "tube_top_diameter": 28.0,
    "variable_diameter": "nee",
    "tube_status": "onbekend",
    "tube_top_position": 7.4,
    "tube_top_positioning_method": "onbekend",
    "tube_packing_material": "onbekend",
    "glue": "onbekend",
    "plain_tube_part_length": 51.59,
    "inserted_part_diameter": null,
    "inserted_part_length": null,
    "inserted_part_material": null,
    "registration_object_type": "groundwater_monitoring_well",
    "request_reference": "construction_nitg_B42D0056",
    "delivery_accountable_party": 20168636,
    "delivery_responsible_party": null,
    "quality_regime": "IMBRO/A",
    "under_privilege": "ja",
    "delivery_context": "archiefoverdracht",
    "construction_standard": "onbekend",
    "initial_function": "stand",
    "number_of_standpipes": 6,
    "ground_level_stable": "ja",
    "well_stability": "",
    "nitg_code": "B42D0056",
    "olga_code": null,
    "well_code": null,
    "owner": 20168636,
    "maintenance_responsible_party": 20168636,
    "well_head_protector": "koker",
    "well_construction_date": "1968-10-13",
    "well_removal_date": null,
    "monitoring_pdok_id": 42337,
    "delivered_to_bro": false,
    "location_id": 1034,
    "coordinates": "POINT (35960 400330)",
    "referencesystem": "RD",
    "horizontal_positioning_method": "onbekend",
    "screen_top": -44.190000000000005,
    "screen_bot": -45.190000000000005,
    "name": "GMW000000050922-004",
    "metingen": 1,
    "x": 35960.0,
    "y": 400330.0,
    "lon": 3.669728031545175,
    "lat": 51.57926313841073
}