{
    "groundwater_monitoring_tube_static_id": 342,
    "deliver_gld_to_bro": false,
    "tube_type": "standaardbuis",
    "artesian_well_cap_present": "onbekend",
    "sediment_sump_present": "onbekend",
    "number_of_geo_ohm_cables": 0,
    "tube_material": "pvc",
    "screen_length": 0.2,
    "sock_material": "onbekend",
    "sediment_sump_length": NaN,
    "groundwater_monitoring_well_id": 147,
    "groundwater_monitoring_tube_dynamic_id": 448,
    "tube_top_diameter": NaN,
    "variable_diameter": "onbekend",
    "tube_status": "onbekend",
    "tube_top_position": 1.55,
    "tube_top_positioning_method": "onbekend",
    "tube_packing_material": "onbekend",
    "glue": "onbekend",
    "plain_tube_part_length": 4.85,
    "inserted_part_diameter": null,
    "inserted_part_length": null,
    "inserted_part_material": null,
    "registration_object_type": "groundwater_monitoring_well",
    "request_reference": "construction_nitg_B42F0131",
    "delivery_accountable_party": 20168636,
    "delivery_responsible_party": null,
    "quality_regime": "IMBRO/A",
    "under_privilege": "ja",
    "delivery_context": "archiefoverdracht",
    "construction_standard": "onbekend",
    "initial_function": "stand",
    "number_of_standpipes": 3,
    "ground_level_stable": "ja",
    "well_stability": "",
    "nitg_code": "B42F0131",
    "olga_code": null,
    "well_code": null,
    "owner": 20168636,
    "maintenance_responsible_party": 20168636,
    "well_head_protector": "koker",
    "well_construction_date": "1989-01-01",
    "well_removal_date": "2004-07-20",
    "monitoring_pdok_id": 41390,
    "delivered_to_bro": false,
    "location_id": 834,
    "coordinates": "POINT (50600 417570)",
    "referencesystem": "RD",
    "horizontal_positioning_method": "tachymetrie10tot50cm",
    "screen_top": -3.3,
    "screen_bot": -3.5,
    "name": "GMW000000050722-002",
    "metingen": 1,
    "x": 50600.0,
    "y": 417570.0,
    "lon": 3.875712067620743,
    "lat": 51.73709309380646
}