{
    "groundwater_monitoring_tube_static_id": 211,
    "deliver_gld_to_bro": false,
    "tube_type": "standaardbuis",
    "artesian_well_cap_present": "onbekend",
    "sediment_sump_present": "onbekend",
    "number_of_geo_ohm_cables": 0,
    "tube_material": "pvc",
    "screen_length": 1.0,
    "sock_material": "onbekend",
    "sediment_sump_length": NaN,
    "groundwater_monitoring_well_id": 96,
    "groundwater_monitoring_tube_dynamic_id": 235,
    "tube_top_diameter": 36.0,
    "variable_diameter": "nee",
    "tube_status": "onbekend",
    "tube_top_position": 1.62,
    "tube_top_positioning_method": "onbekend",
    "tube_packing_material": "onbekend",
    "glue": "onbekend",
    "plain_tube_part_length": 55.71,
    "inserted_part_diameter": null,
    "inserted_part_length": null,
    "inserted_part_material": null,
    "registration_object_type": "groundwater_monitoring_well",
    "request_reference": "construction_nitg_B48F0122",
    "delivery_accountable_party": 20168636,
    "delivery_responsible_party": null,
    "quality_regime": "IMBRO/A",
    "under_privilege": "ja",
    "delivery_context": "archiefoverdracht",
    "construction_standard": "onbekend",
    "initial_function": "stand",
    "number_of_standpipes": 5,
    "ground_level_stable": "ja",
    "well_stability": "",
    "nitg_code": "B48F0122",
    "olga_code": null,
    "well_code": null,
    "owner": 20168636,
    "maintenance_responsible_party": 20168636,
    "well_head_protector": "koker",
    "well_construction_date": "1990-04-12",
    "well_removal_date": null,
    "monitoring_pdok_id": 40930,
    "delivered_to_bro": false,
    "location_id": 783,
    "coordinates": "POINT (51205 397670)",
    "referencesystem": "RD",
    "horizontal_positioning_method": "onbekend",
    "screen_top": -54.09,
    "screen_bot": -55.09,
    "name": "GMW000000051080-004",
    "metingen": 1,
    "x": 51205.0,
    "y": 397670.0,
    "lon": 3.890389940763652,
    "lat": 51.558383633137865
}