{
    "groundwater_monitoring_tube_static_id": 570,
    "deliver_gld_to_bro": false,
    "tube_type": "standaardbuis",
    "artesian_well_cap_present": "onbekend",
    "sediment_sump_present": "onbekend",
    "number_of_geo_ohm_cables": 0,
    "tube_material": "onbekend",
    "screen_length": 1.0,
    "sock_material": "onbekend",
    "sediment_sump_length": NaN,
    "groundwater_monitoring_well_id": 233,
    "groundwater_monitoring_tube_dynamic_id": 903,
    "tube_top_diameter": NaN,
    "variable_diameter": "onbekend",
    "tube_status": "onbekend",
    "tube_top_position": -0.69,
    "tube_top_positioning_method": "onbekend",
    "tube_packing_material": "onbekend",
    "glue": "onbekend",
    "plain_tube_part_length": 3.49,
    "inserted_part_diameter": null,
    "inserted_part_length": null,
    "inserted_part_material": null,
    "registration_object_type": "groundwater_monitoring_well",
    "request_reference": "construction_nitg_B54H0008",
    "delivery_accountable_party": 20168636,
    "delivery_responsible_party": null,
    "quality_regime": "IMBRO/A",
    "under_privilege": "ja",
    "delivery_context": "archiefoverdracht",
    "construction_standard": "onbekend",
    "initial_function": "stand",
    "number_of_standpipes": 2,
    "ground_level_stable": "ja",
    "well_stability": "",
    "nitg_code": "B54H0008",
    "olga_code": null,
    "well_code": null,
    "owner": 20168636,
    "maintenance_responsible_party": 20168636,
    "well_head_protector": "koker",
    "well_construction_date": "1985-10-08",
    "well_removal_date": null,
    "monitoring_pdok_id": 41933,
    "delivered_to_bro": false,
    "location_id": 920,
    "coordinates": "POINT (51010 362470)",
    "referencesystem": "RD",
    "horizontal_positioning_method": "onbekend",
    "screen_top": -4.18,
    "screen_bot": -5.18,
    "name": "GMW000000050808-001",
    "metingen": 1,
    "x": 51010.0,
    "y": 362470.0,
    "lon": 3.8979418504301955,
    "lat": 51.242032706742386
}