{
    "groundwater_monitoring_tube_static_id": 1299,
    "deliver_gld_to_bro": false,
    "tube_type": "standaardbuis",
    "artesian_well_cap_present": "onbekend",
    "sediment_sump_present": "onbekend",
    "number_of_geo_ohm_cables": 0,
    "tube_material": "onbekend",
    "screen_length": 1.0,
    "sock_material": "onbekend",
    "sediment_sump_length": NaN,
    "groundwater_monitoring_well_id": 516,
    "groundwater_monitoring_tube_dynamic_id": 2399,
    "tube_top_diameter": NaN,
    "variable_diameter": "onbekend",
    "tube_status": "onbekend",
    "tube_top_position": 0.73,
    "tube_top_positioning_method": "onbekend",
    "tube_packing_material": "onbekend",
    "glue": "onbekend",
    "plain_tube_part_length": 1.51,
    "inserted_part_diameter": null,
    "inserted_part_length": null,
    "inserted_part_material": null,
    "registration_object_type": "groundwater_monitoring_well",
    "request_reference": "construction_nitg_B48G0090",
    "delivery_accountable_party": 20168636,
    "delivery_responsible_party": null,
    "quality_regime": "IMBRO/A",
    "under_privilege": "ja",
    "delivery_context": "archiefoverdracht",
    "construction_standard": "onbekend",
    "initial_function": "stand",
    "number_of_standpipes": 2,
    "ground_level_stable": "nee",
    "well_stability": "stabielNAP",
    "nitg_code": "B48G0090",
    "olga_code": null,
    "well_code": null,
    "owner": 20168636,
    "maintenance_responsible_party": 20168636,
    "well_head_protector": "koker",
    "well_construction_date": "1985-02-04",
    "well_removal_date": null,
    "monitoring_pdok_id": 46949,
    "delivered_to_bro": false,
    "location_id": 1203,
    "coordinates": "POINT (44463 381692)",
    "referencesystem": "RD",
    "horizontal_positioning_method": "GPSOnbekend",
    "screen_top": -0.78,
    "screen_bot": -1.78,
    "name": "GMW000000057272-002",
    "metingen": 1,
    "x": 44463.0,
    "y": 381692.0,
    "lon": 3.7982210576720288,
    "lat": 51.41352258695458
}