{
    "groundwater_monitoring_tube_static_id": 1699,
    "deliver_gld_to_bro": false,
    "tube_type": "standaardbuis",
    "artesian_well_cap_present": "onbekend",
    "sediment_sump_present": "onbekend",
    "number_of_geo_ohm_cables": 0,
    "tube_material": "pvc",
    "screen_length": 1.0,
    "sock_material": "onbekend",
    "sediment_sump_length": NaN,
    "groundwater_monitoring_well_id": 665,
    "groundwater_monitoring_tube_dynamic_id": 3473,
    "tube_top_diameter": 25.0,
    "variable_diameter": "nee",
    "tube_status": "onbekend",
    "tube_top_position": 2.58,
    "tube_top_positioning_method": "onbekend",
    "tube_packing_material": "onbekend",
    "glue": "onbekend",
    "plain_tube_part_length": 22.88,
    "inserted_part_diameter": null,
    "inserted_part_length": null,
    "inserted_part_material": null,
    "registration_object_type": "groundwater_monitoring_well",
    "request_reference": "construction_nitg_B55A0241",
    "delivery_accountable_party": 20168636,
    "delivery_responsible_party": null,
    "quality_regime": "IMBRO/A",
    "under_privilege": "ja",
    "delivery_context": "archiefoverdracht",
    "construction_standard": "onbekend",
    "initial_function": "stand",
    "number_of_standpipes": 3,
    "ground_level_stable": "nee",
    "well_stability": "stabielNAP",
    "nitg_code": "B55A0241",
    "olga_code": null,
    "well_code": null,
    "owner": 20168636,
    "maintenance_responsible_party": 20168636,
    "well_head_protector": "koker",
    "well_construction_date": "1986-11-17",
    "well_removal_date": null,
    "monitoring_pdok_id": 48928,
    "delivered_to_bro": false,
    "location_id": 1352,
    "coordinates": "POINT (65500 371060)",
    "referencesystem": "RD",
    "horizontal_positioning_method": "onbekend",
    "screen_top": -20.299999999999997,
    "screen_bot": -21.299999999999997,
    "name": "GMW000000057224-002",
    "metingen": 1,
    "x": 65500.0,
    "y": 371060.0,
    "lon": 4.10323863321366,
    "lat": 51.321701716391
}