{
    "groundwater_monitoring_tube_static_id": 1095,
    "deliver_gld_to_bro": false,
    "tube_type": "standaardbuis",
    "artesian_well_cap_present": "onbekend",
    "sediment_sump_present": "onbekend",
    "number_of_geo_ohm_cables": 0,
    "tube_material": "koperStaal",
    "screen_length": 1.0,
    "sock_material": "onbekend",
    "sediment_sump_length": NaN,
    "groundwater_monitoring_well_id": 420,
    "groundwater_monitoring_tube_dynamic_id": 1916,
    "tube_top_diameter": 32.0,
    "variable_diameter": "nee",
    "tube_status": "onbekend",
    "tube_top_position": 3.42,
    "tube_top_positioning_method": "onbekend",
    "tube_packing_material": "onbekend",
    "glue": "onbekend",
    "plain_tube_part_length": 2.62,
    "inserted_part_diameter": null,
    "inserted_part_length": null,
    "inserted_part_material": null,
    "registration_object_type": "groundwater_monitoring_well",
    "request_reference": "construction_nitg_B42D0796",
    "delivery_accountable_party": 20168636,
    "delivery_responsible_party": null,
    "quality_regime": "IMBRO/A",
    "under_privilege": "ja",
    "delivery_context": "archiefoverdracht",
    "construction_standard": "onbekend",
    "initial_function": "stand",
    "number_of_standpipes": 2,
    "ground_level_stable": "ja",
    "well_stability": "",
    "nitg_code": "B42D0796",
    "olga_code": null,
    "well_code": null,
    "owner": 20168636,
    "maintenance_responsible_party": 20168636,
    "well_head_protector": "onbekend",
    "well_construction_date": "2006-01-01",
    "well_removal_date": null,
    "monitoring_pdok_id": 42600,
    "delivered_to_bro": false,
    "location_id": 1107,
    "coordinates": "POINT (35836 400311)",
    "referencesystem": "RD",
    "horizontal_positioning_method": "onbekend",
    "screen_top": 0.7999999999999998,
    "screen_bot": -0.20000000000000018,
    "name": "GMW000000050995-001",
    "metingen": 1,
    "x": 35836.0,
    "y": 400311.0,
    "lon": 3.6679462315214115,
    "lat": 51.579066129735146
}