{
    "groundwater_monitoring_tube_static_id": 106,
    "deliver_gld_to_bro": false,
    "tube_type": "standaardbuis",
    "artesian_well_cap_present": "nee",
    "sediment_sump_present": "nee",
    "number_of_geo_ohm_cables": 0,
    "tube_material": "pvc",
    "screen_length": 1.0,
    "sock_material": "onbekend",
    "sediment_sump_length": NaN,
    "groundwater_monitoring_well_id": 56,
    "groundwater_monitoring_tube_dynamic_id": 130,
    "tube_top_diameter": 27.0,
    "variable_diameter": "onbekend",
    "tube_status": "gebruiksklaar",
    "tube_top_position": 5.75,
    "tube_top_positioning_method": "waterpassing0tot2cm",
    "tube_packing_material": "onbekend",
    "glue": "onbekend",
    "plain_tube_part_length": 4.79,
    "inserted_part_diameter": null,
    "inserted_part_length": null,
    "inserted_part_material": null,
    "registration_object_type": "groundwater_monitoring_well",
    "request_reference": "construction_nitg_B48C0157",
    "delivery_accountable_party": 20168636,
    "delivery_responsible_party": null,
    "quality_regime": "IMBRO/A",
    "under_privilege": "ja",
    "delivery_context": "archiefoverdracht",
    "construction_standard": "onbekend",
    "initial_function": "stand",
    "number_of_standpipes": 2,
    "ground_level_stable": "ja",
    "well_stability": "",
    "nitg_code": "B48C0157",
    "olga_code": null,
    "well_code": null,
    "owner": 20168636,
    "maintenance_responsible_party": 20168636,
    "well_head_protector": "koker",
    "well_construction_date": "1985-12-16",
    "well_removal_date": "2003-07-17",
    "monitoring_pdok_id": 40855,
    "delivered_to_bro": false,
    "location_id": 743,
    "coordinates": "POINT (24320 377600)",
    "referencesystem": "RD",
    "horizontal_positioning_method": "onbekend",
    "screen_top": 0.96,
    "screen_bot": -0.040000000000000036,
    "name": "GMW000000050652-001",
    "metingen": 1,
    "x": 24320.0,
    "y": 377600.0,
    "lon": 3.5103132262193117,
    "lat": 51.372453299028734
}