{
    "groundwater_monitoring_tube_static_id": 115,
    "deliver_gld_to_bro": false,
    "tube_type": "standaardbuis",
    "artesian_well_cap_present": "nee",
    "sediment_sump_present": "ja",
    "number_of_geo_ohm_cables": 0,
    "tube_material": "pvc",
    "screen_length": 1.0,
    "sock_material": "onbekend",
    "sediment_sump_length": 0.5,
    "groundwater_monitoring_well_id": 57,
    "groundwater_monitoring_tube_dynamic_id": 139,
    "tube_top_diameter": 28.0,
    "variable_diameter": "onbekend",
    "tube_status": "gebruiksklaar",
    "tube_top_position": 9.68,
    "tube_top_positioning_method": "waterpassing0tot2cm",
    "tube_packing_material": "onbekend",
    "glue": "onbekend",
    "plain_tube_part_length": 36.05,
    "inserted_part_diameter": null,
    "inserted_part_length": null,
    "inserted_part_material": null,
    "registration_object_type": "groundwater_monitoring_well",
    "request_reference": "construction_nitg_B42G0037",
    "delivery_accountable_party": 20168636,
    "delivery_responsible_party": null,
    "quality_regime": "IMBRO/A",
    "under_privilege": "ja",
    "delivery_context": "archiefoverdracht",
    "construction_standard": "onbekend",
    "initial_function": "stand",
    "number_of_standpipes": 6,
    "ground_level_stable": "ja",
    "well_stability": "",
    "nitg_code": "B42G0037",
    "olga_code": null,
    "well_code": null,
    "owner": 20168636,
    "maintenance_responsible_party": 20168636,
    "well_head_protector": "koker",
    "well_construction_date": "1968-01-23",
    "well_removal_date": null,
    "monitoring_pdok_id": 40856,
    "delivered_to_bro": false,
    "location_id": 744,
    "coordinates": "POINT (45268 401800)",
    "referencesystem": "RD",
    "horizontal_positioning_method": "onbekend",
    "screen_top": -26.369999999999997,
    "screen_bot": -27.369999999999997,
    "name": "GMW000000050653-003",
    "metingen": 1,
    "x": 45268.0,
    "y": 401800.0,
    "lon": 3.8035091413097306,
    "lat": 51.59436746756369
}