{
    "groundwater_monitoring_tube_static_id": 95,
    "deliver_gld_to_bro": false,
    "tube_type": "standaardbuis",
    "artesian_well_cap_present": "nee",
    "sediment_sump_present": "ja",
    "number_of_geo_ohm_cables": 0,
    "tube_material": "pvc",
    "screen_length": 1.0,
    "sock_material": "onbekend",
    "sediment_sump_length": 0.5,
    "groundwater_monitoring_well_id": 51,
    "groundwater_monitoring_tube_dynamic_id": 119,
    "tube_top_diameter": 28.0,
    "variable_diameter": "onbekend",
    "tube_status": "gebruiksklaar",
    "tube_top_position": 6.52,
    "tube_top_positioning_method": "waterpassing0tot2cm",
    "tube_packing_material": "onbekend",
    "glue": "onbekend",
    "plain_tube_part_length": 16.64,
    "inserted_part_diameter": null,
    "inserted_part_length": null,
    "inserted_part_material": null,
    "registration_object_type": "groundwater_monitoring_well",
    "request_reference": "construction_nitg_B48C0168",
    "delivery_accountable_party": 20168636,
    "delivery_responsible_party": null,
    "quality_regime": "IMBRO/A",
    "under_privilege": "ja",
    "delivery_context": "archiefoverdracht",
    "construction_standard": "onbekend",
    "initial_function": "stand",
    "number_of_standpipes": 2,
    "ground_level_stable": "ja",
    "well_stability": "",
    "nitg_code": "B48C0168",
    "olga_code": null,
    "well_code": null,
    "owner": 20168636,
    "maintenance_responsible_party": 20168636,
    "well_head_protector": "koker",
    "well_construction_date": "1986-09-09",
    "well_removal_date": null,
    "monitoring_pdok_id": 40850,
    "delivered_to_bro": false,
    "location_id": 738,
    "coordinates": "POINT (29920 387340)",
    "referencesystem": "RD",
    "horizontal_positioning_method": "tachymetrie10tot50cm",
    "screen_top": -10.120000000000001,
    "screen_bot": -11.120000000000001,
    "name": "GMW000000050647-001",
    "metingen": 1,
    "x": 29920.0,
    "y": 387340.0,
    "lon": 3.5872526436650736,
    "lat": 51.461235395090604
}