{
    "groundwater_monitoring_tube_static_id": 1295,
    "deliver_gld_to_bro": false,
    "tube_type": "standaardbuis",
    "artesian_well_cap_present": "onbekend",
    "sediment_sump_present": "onbekend",
    "number_of_geo_ohm_cables": 0,
    "tube_material": "pvc",
    "screen_length": 1.0,
    "sock_material": "onbekend",
    "sediment_sump_length": NaN,
    "groundwater_monitoring_well_id": 514,
    "groundwater_monitoring_tube_dynamic_id": 2395,
    "tube_top_diameter": 57.0,
    "variable_diameter": "nee",
    "tube_status": "onbekend",
    "tube_top_position": 0.15,
    "tube_top_positioning_method": "onbekend",
    "tube_packing_material": "onbekend",
    "glue": "onbekend",
    "plain_tube_part_length": 46.33,
    "inserted_part_diameter": null,
    "inserted_part_length": null,
    "inserted_part_material": null,
    "registration_object_type": "groundwater_monitoring_well",
    "request_reference": "construction_nitg_B42B0127",
    "delivery_accountable_party": 20168636,
    "delivery_responsible_party": null,
    "quality_regime": "IMBRO/A",
    "under_privilege": "ja",
    "delivery_context": "archiefoverdracht",
    "construction_standard": "onbekend",
    "initial_function": "stand",
    "number_of_standpipes": 5,
    "ground_level_stable": "ja",
    "well_stability": "",
    "nitg_code": "B42B0127",
    "olga_code": null,
    "well_code": null,
    "owner": 20168636,
    "maintenance_responsible_party": 20168636,
    "well_head_protector": "koker",
    "well_construction_date": "1990-04-12",
    "well_removal_date": "2008-06-17",
    "monitoring_pdok_id": 46947,
    "delivered_to_bro": false,
    "location_id": 1201,
    "coordinates": "POINT (36920 414415)",
    "referencesystem": "RD",
    "horizontal_positioning_method": "onbekend",
    "screen_top": -46.18,
    "screen_bot": -47.18,
    "name": "GMW000000057270-002",
    "metingen": 1,
    "x": 36920.0,
    "y": 414415.0,
    "lon": 3.67880593322189,
    "lat": 51.70602376528441
}