{
    "groundwater_monitoring_tube_static_id": 215,
    "deliver_gld_to_bro": false,
    "tube_type": "standaardbuis",
    "artesian_well_cap_present": "onbekend",
    "sediment_sump_present": "onbekend",
    "number_of_geo_ohm_cables": 0,
    "tube_material": "pvc",
    "screen_length": 56.1,
    "sock_material": "onbekend",
    "sediment_sump_length": NaN,
    "groundwater_monitoring_well_id": 98,
    "groundwater_monitoring_tube_dynamic_id": 239,
    "tube_top_diameter": 150.0,
    "variable_diameter": "ja",
    "tube_status": "onbekend",
    "tube_top_position": 1.47,
    "tube_top_positioning_method": "onbekend",
    "tube_packing_material": "onbekend",
    "glue": "onbekend",
    "plain_tube_part_length": 94.64,
    "inserted_part_diameter": null,
    "inserted_part_length": null,
    "inserted_part_material": null,
    "registration_object_type": "groundwater_monitoring_well",
    "request_reference": "construction_nitg_B42G0039",
    "delivery_accountable_party": 20168636,
    "delivery_responsible_party": null,
    "quality_regime": "IMBRO/A",
    "under_privilege": "ja",
    "delivery_context": "archiefoverdracht",
    "construction_standard": "onbekend",
    "initial_function": "stand",
    "number_of_standpipes": 6,
    "ground_level_stable": "ja",
    "well_stability": "",
    "nitg_code": "B42G0039",
    "olga_code": null,
    "well_code": null,
    "owner": 20168636,
    "maintenance_responsible_party": 20168636,
    "well_head_protector": "koker",
    "well_construction_date": "1968-01-01",
    "well_removal_date": null,
    "monitoring_pdok_id": 40932,
    "delivered_to_bro": false,
    "location_id": 785,
    "coordinates": "POINT (45427 400246)",
    "referencesystem": "RD",
    "horizontal_positioning_method": "onbekend",
    "screen_top": -93.17,
    "screen_bot": -149.27,
    "name": "GMW000000051082-001",
    "metingen": 1,
    "x": 45427.0,
    "y": 400246.0,
    "lon": 3.8062897181157056,
    "lat": 51.58043457066673
}