{
    "groundwater_monitoring_tube_static_id": 693,
    "deliver_gld_to_bro": false,
    "tube_type": "standaardbuis",
    "artesian_well_cap_present": "onbekend",
    "sediment_sump_present": "onbekend",
    "number_of_geo_ohm_cables": 0,
    "tube_material": "pvc",
    "screen_length": 1.0,
    "sock_material": "onbekend",
    "sediment_sump_length": NaN,
    "groundwater_monitoring_well_id": 273,
    "groundwater_monitoring_tube_dynamic_id": 1151,
    "tube_top_diameter": 28.0,
    "variable_diameter": "nee",
    "tube_status": "onbekend",
    "tube_top_position": 0.87,
    "tube_top_positioning_method": "onbekend",
    "tube_packing_material": "onbekend",
    "glue": "onbekend",
    "plain_tube_part_length": 42.47,
    "inserted_part_diameter": null,
    "inserted_part_length": null,
    "inserted_part_material": null,
    "registration_object_type": "groundwater_monitoring_well",
    "request_reference": "construction_nitg_B48E0129",
    "delivery_accountable_party": 20168636,
    "delivery_responsible_party": null,
    "quality_regime": "IMBRO/A",
    "under_privilege": "ja",
    "delivery_context": "archiefoverdracht",
    "construction_standard": "onbekend",
    "initial_function": "stand",
    "number_of_standpipes": 5,
    "ground_level_stable": "ja",
    "well_stability": "",
    "nitg_code": "B48E0129",
    "olga_code": null,
    "well_code": null,
    "owner": 20168636,
    "maintenance_responsible_party": 20168636,
    "well_head_protector": "koker",
    "well_construction_date": "1968-09-27",
    "well_removal_date": null,
    "monitoring_pdok_id": 42071,
    "delivered_to_bro": false,
    "location_id": 960,
    "coordinates": "POINT (40100 396275)",
    "referencesystem": "RD",
    "horizontal_positioning_method": "onbekend",
    "screen_top": -41.6,
    "screen_bot": -42.6,
    "name": "GMW000000050848-003",
    "metingen": 1,
    "x": 40100.0,
    "y": 396275.0,
    "lon": 3.730764380108348,
    "lat": 51.54368869365495
}