{
    "groundwater_monitoring_tube_static_id": 1748,
    "deliver_gld_to_bro": false,
    "tube_type": "standaardbuis",
    "artesian_well_cap_present": "onbekend",
    "sediment_sump_present": "onbekend",
    "number_of_geo_ohm_cables": 0,
    "tube_material": "pvc",
    "screen_length": 1.0,
    "sock_material": "onbekend",
    "sediment_sump_length": NaN,
    "groundwater_monitoring_well_id": 680,
    "groundwater_monitoring_tube_dynamic_id": 3641,
    "tube_top_diameter": 33.0,
    "variable_diameter": "nee",
    "tube_status": "onbekend",
    "tube_top_position": 0.75,
    "tube_top_positioning_method": "onbekend",
    "tube_packing_material": "onbekend",
    "glue": "onbekend",
    "plain_tube_part_length": 33.99,
    "inserted_part_diameter": null,
    "inserted_part_length": null,
    "inserted_part_material": null,
    "registration_object_type": "groundwater_monitoring_well",
    "request_reference": "construction_nitg_B54A0055",
    "delivery_accountable_party": 20168636,
    "delivery_responsible_party": null,
    "quality_regime": "IMBRO/A",
    "under_privilege": "ja",
    "delivery_context": "archiefoverdracht",
    "construction_standard": "onbekend",
    "initial_function": "kwaliteitStand",
    "number_of_standpipes": 3,
    "ground_level_stable": "ja",
    "well_stability": "",
    "nitg_code": "B54A0055",
    "olga_code": null,
    "well_code": null,
    "owner": 20168636,
    "maintenance_responsible_party": 20168636,
    "well_head_protector": "koker",
    "well_construction_date": "1986-10-16",
    "well_removal_date": null,
    "monitoring_pdok_id": 48943,
    "delivered_to_bro": false,
    "location_id": 1367,
    "coordinates": "POINT (23420 368970)",
    "referencesystem": "RD",
    "horizontal_positioning_method": "onbekend",
    "screen_top": -33.24,
    "screen_bot": -34.24,
    "name": "GMW000000057239-001",
    "metingen": 1,
    "x": 23420.0,
    "y": 368970.0,
    "lon": 3.500597529616573,
    "lat": 51.294705819010936
}