{
    "groundwater_monitoring_tube_static_id": 843,
    "deliver_gld_to_bro": false,
    "tube_type": "standaardbuis",
    "artesian_well_cap_present": "onbekend",
    "sediment_sump_present": "onbekend",
    "number_of_geo_ohm_cables": 0,
    "tube_material": "pvc",
    "screen_length": 2.0,
    "sock_material": "onbekend",
    "sediment_sump_length": NaN,
    "groundwater_monitoring_well_id": 323,
    "groundwater_monitoring_tube_dynamic_id": 1441,
    "tube_top_diameter": NaN,
    "variable_diameter": "onbekend",
    "tube_status": "onbekend",
    "tube_top_position": 1.08,
    "tube_top_positioning_method": "onbekend",
    "tube_packing_material": "onbekend",
    "glue": "onbekend",
    "plain_tube_part_length": 42.68,
    "inserted_part_diameter": null,
    "inserted_part_length": null,
    "inserted_part_material": null,
    "registration_object_type": "groundwater_monitoring_well",
    "request_reference": "construction_nitg_B54A0062",
    "delivery_accountable_party": 20168636,
    "delivery_responsible_party": null,
    "quality_regime": "IMBRO/A",
    "under_privilege": "ja",
    "delivery_context": "archiefoverdracht",
    "construction_standard": "onbekend",
    "initial_function": "stand",
    "number_of_standpipes": 3,
    "ground_level_stable": "nee",
    "well_stability": "stabielNAP",
    "nitg_code": "B54A0062",
    "olga_code": null,
    "well_code": null,
    "owner": 20168636,
    "maintenance_responsible_party": 20168636,
    "well_head_protector": "koker",
    "well_construction_date": "1989-03-01",
    "well_removal_date": null,
    "monitoring_pdok_id": 42218,
    "delivered_to_bro": false,
    "location_id": 1010,
    "coordinates": "POINT (21570 368980)",
    "referencesystem": "RD",
    "horizontal_positioning_method": "onbekend",
    "screen_top": -41.6,
    "screen_bot": -43.6,
    "name": "GMW000000050898-003",
    "metingen": 1,
    "x": 21570.0,
    "y": 368980.0,
    "lon": 3.474082294373925,
    "lat": 51.2943628884237
}