{
    "groundwater_monitoring_tube_static_id": 1288,
    "deliver_gld_to_bro": false,
    "tube_type": "standaardbuis",
    "artesian_well_cap_present": "onbekend",
    "sediment_sump_present": "onbekend",
    "number_of_geo_ohm_cables": 0,
    "tube_material": "pvc",
    "screen_length": 1.0,
    "sock_material": "onbekend",
    "sediment_sump_length": NaN,
    "groundwater_monitoring_well_id": 511,
    "groundwater_monitoring_tube_dynamic_id": 2377,
    "tube_top_diameter": 57.0,
    "variable_diameter": "nee",
    "tube_status": "onbekend",
    "tube_top_position": 1.16,
    "tube_top_positioning_method": "onbekend",
    "tube_packing_material": "onbekend",
    "glue": "onbekend",
    "plain_tube_part_length": 9.02,
    "inserted_part_diameter": null,
    "inserted_part_length": null,
    "inserted_part_material": null,
    "registration_object_type": "groundwater_monitoring_well",
    "request_reference": "construction_nitg_B42E0042",
    "delivery_accountable_party": 20168636,
    "delivery_responsible_party": null,
    "quality_regime": "IMBRO/A",
    "under_privilege": "ja",
    "delivery_context": "archiefoverdracht",
    "construction_standard": "onbekend",
    "initial_function": "kwaliteitStand",
    "number_of_standpipes": 1,
    "ground_level_stable": "ja",
    "well_stability": "",
    "nitg_code": "B42E0042",
    "olga_code": null,
    "well_code": null,
    "owner": 20168636,
    "maintenance_responsible_party": 20168636,
    "well_head_protector": "koker",
    "well_construction_date": "1973-07-13",
    "well_removal_date": null,
    "monitoring_pdok_id": 46944,
    "delivered_to_bro": false,
    "location_id": 1198,
    "coordinates": "POINT (48211 416712)",
    "referencesystem": "RD",
    "horizontal_positioning_method": "onbekend",
    "screen_top": -7.859999999999999,
    "screen_bot": -8.86,
    "name": "GMW000000057267-001",
    "metingen": 1,
    "x": 48211.0,
    "y": 416712.0,
    "lon": 3.8414001209833155,
    "lat": 51.72893220479938
}