{
    "groundwater_monitoring_tube_static_id": 255,
    "deliver_gld_to_bro": false,
    "tube_type": "standaardbuis",
    "artesian_well_cap_present": "onbekend",
    "sediment_sump_present": "ja",
    "number_of_geo_ohm_cables": 0,
    "tube_material": "onbekend",
    "screen_length": 23.5,
    "sock_material": "onbekend",
    "sediment_sump_length": 1.0,
    "groundwater_monitoring_well_id": 118,
    "groundwater_monitoring_tube_dynamic_id": 279,
    "tube_top_diameter": 90.0,
    "variable_diameter": "onbekend",
    "tube_status": "onbekend",
    "tube_top_position": 2.97,
    "tube_top_positioning_method": "onbekend",
    "tube_packing_material": "onbekend",
    "glue": "onbekend",
    "plain_tube_part_length": 8.3,
    "inserted_part_diameter": null,
    "inserted_part_length": null,
    "inserted_part_material": null,
    "registration_object_type": "groundwater_monitoring_well",
    "request_reference": "construction_nitg_B48A0128",
    "delivery_accountable_party": 20168636,
    "delivery_responsible_party": null,
    "quality_regime": "IMBRO/A",
    "under_privilege": "ja",
    "delivery_context": "archiefoverdracht",
    "construction_standard": "onbekend",
    "initial_function": "stand",
    "number_of_standpipes": 2,
    "ground_level_stable": "ja",
    "well_stability": "",
    "nitg_code": "B48A0128",
    "olga_code": null,
    "well_code": null,
    "owner": 20168636,
    "maintenance_responsible_party": 20168636,
    "well_head_protector": "pot",
    "well_construction_date": "1982-12-09",
    "well_removal_date": null,
    "monitoring_pdok_id": 41259,
    "delivered_to_bro": false,
    "location_id": 805,
    "coordinates": "POINT (23640 393120)",
    "referencesystem": "RD",
    "horizontal_positioning_method": "onbekend",
    "screen_top": -5.33,
    "screen_bot": -28.83,
    "name": "GMW000000050693-001",
    "metingen": 1,
    "x": 23640.0,
    "y": 393120.0,
    "lon": 3.494767921261228,
    "lat": 51.51173849243643
}