{
    "groundwater_monitoring_tube_static_id": 780,
    "deliver_gld_to_bro": false,
    "tube_type": "standaardbuis",
    "artesian_well_cap_present": "onbekend",
    "sediment_sump_present": "onbekend",
    "number_of_geo_ohm_cables": 0,
    "tube_material": "pvc",
    "screen_length": 1.0,
    "sock_material": "onbekend",
    "sediment_sump_length": NaN,
    "groundwater_monitoring_well_id": 302,
    "groundwater_monitoring_tube_dynamic_id": 1331,
    "tube_top_diameter": 36.0,
    "variable_diameter": "nee",
    "tube_status": "onbekend",
    "tube_top_position": 1.63,
    "tube_top_positioning_method": "onbekend",
    "tube_packing_material": "onbekend",
    "glue": "onbekend",
    "plain_tube_part_length": 3.67,
    "inserted_part_diameter": null,
    "inserted_part_length": null,
    "inserted_part_material": null,
    "registration_object_type": "groundwater_monitoring_well",
    "request_reference": "construction_nitg_B48G0074",
    "delivery_accountable_party": 20168636,
    "delivery_responsible_party": null,
    "quality_regime": "IMBRO/A",
    "under_privilege": "ja",
    "delivery_context": "archiefoverdracht",
    "construction_standard": "onbekend",
    "initial_function": "stand",
    "number_of_standpipes": 3,
    "ground_level_stable": "nee",
    "well_stability": "stabielNAP",
    "nitg_code": "B48G0074",
    "olga_code": null,
    "well_code": null,
    "owner": 20168636,
    "maintenance_responsible_party": 20168636,
    "well_head_protector": "koker",
    "well_construction_date": "1982-12-01",
    "well_removal_date": null,
    "monitoring_pdok_id": 42197,
    "delivered_to_bro": false,
    "location_id": 989,
    "coordinates": "POINT (40555 384020)",
    "referencesystem": "RD",
    "horizontal_positioning_method": "onbekend",
    "screen_top": -2.04,
    "screen_bot": -3.04,
    "name": "GMW000000050877-001",
    "metingen": 1,
    "x": 40555.0,
    "y": 384020.0,
    "lon": 3.741309684801916,
    "lat": 51.43366248254505
}