{
    "groundwater_monitoring_tube_static_id": 1736,
    "deliver_gld_to_bro": false,
    "tube_type": "standaardbuis",
    "artesian_well_cap_present": "onbekend",
    "sediment_sump_present": "onbekend",
    "number_of_geo_ohm_cables": 0,
    "tube_material": "pvc",
    "screen_length": 1.0,
    "sock_material": "onbekend",
    "sediment_sump_length": NaN,
    "groundwater_monitoring_well_id": 676,
    "groundwater_monitoring_tube_dynamic_id": 3603,
    "tube_top_diameter": 28.0,
    "variable_diameter": "nee",
    "tube_status": "onbekend",
    "tube_top_position": 1.67,
    "tube_top_positioning_method": "onbekend",
    "tube_packing_material": "onbekend",
    "glue": "onbekend",
    "plain_tube_part_length": 21.57,
    "inserted_part_diameter": null,
    "inserted_part_length": null,
    "inserted_part_material": null,
    "registration_object_type": "groundwater_monitoring_well",
    "request_reference": "construction_nitg_B42H0113",
    "delivery_accountable_party": 20168636,
    "delivery_responsible_party": null,
    "quality_regime": "IMBRO/A",
    "under_privilege": "ja",
    "delivery_context": "archiefoverdracht",
    "construction_standard": "onbekend",
    "initial_function": "stand",
    "number_of_standpipes": 4,
    "ground_level_stable": "nee",
    "well_stability": "stabielNAP",
    "nitg_code": "B42H0113",
    "olga_code": null,
    "well_code": null,
    "owner": 20168636,
    "maintenance_responsible_party": 20168636,
    "well_head_protector": "koker",
    "well_construction_date": "1962-09-06",
    "well_removal_date": null,
    "monitoring_pdok_id": 48939,
    "delivered_to_bro": false,
    "location_id": 1363,
    "coordinates": "POINT (56174 411064)",
    "referencesystem": "RD",
    "horizontal_positioning_method": "onbekend",
    "screen_top": -19.9,
    "screen_bot": -20.9,
    "name": "GMW000000057235-002",
    "metingen": 1,
    "x": 56174.0,
    "y": 411064.0,
    "lon": 3.9582361128973034,
    "lat": 51.67964160211669
}