{
    "groundwater_monitoring_tube_static_id": 124,
    "deliver_gld_to_bro": false,
    "tube_type": "standaardbuis",
    "artesian_well_cap_present": "nee",
    "sediment_sump_present": "nee",
    "number_of_geo_ohm_cables": 0,
    "tube_material": "pvc",
    "screen_length": 1.0,
    "sock_material": "onbekend",
    "sediment_sump_length": NaN,
    "groundwater_monitoring_well_id": 60,
    "groundwater_monitoring_tube_dynamic_id": 148,
    "tube_top_diameter": 25.0,
    "variable_diameter": "onbekend",
    "tube_status": "gebruiksklaar",
    "tube_top_position": 8.41,
    "tube_top_positioning_method": "waterpassing0tot2cm",
    "tube_packing_material": "onbekend",
    "glue": "onbekend",
    "plain_tube_part_length": 38.54,
    "inserted_part_diameter": null,
    "inserted_part_length": null,
    "inserted_part_material": null,
    "registration_object_type": "groundwater_monitoring_well",
    "request_reference": "construction_nitg_B48B0163",
    "delivery_accountable_party": 20168636,
    "delivery_responsible_party": null,
    "quality_regime": "IMBRO/A",
    "under_privilege": "ja",
    "delivery_context": "archiefoverdracht",
    "construction_standard": "onbekend",
    "initial_function": "stand",
    "number_of_standpipes": 2,
    "ground_level_stable": "ja",
    "well_stability": "",
    "nitg_code": "B48B0163",
    "olga_code": null,
    "well_code": null,
    "owner": 20168636,
    "maintenance_responsible_party": 20168636,
    "well_head_protector": "koker",
    "well_construction_date": "1988-11-01",
    "well_removal_date": null,
    "monitoring_pdok_id": 40859,
    "delivered_to_bro": false,
    "location_id": 747,
    "coordinates": "POINT (33460 392840)",
    "referencesystem": "RD",
    "horizontal_positioning_method": "onbekend",
    "screen_top": -30.13,
    "screen_bot": -31.13,
    "name": "GMW000000050656-002",
    "metingen": 1,
    "x": 33460.0,
    "y": 392840.0,
    "lon": 3.636270897619415,
    "lat": 51.511428664257814
}