{
    "groundwater_monitoring_tube_static_id": 424,
    "deliver_gld_to_bro": false,
    "tube_type": "standaardbuis",
    "artesian_well_cap_present": "onbekend",
    "sediment_sump_present": "onbekend",
    "number_of_geo_ohm_cables": 0,
    "tube_material": "pvc",
    "screen_length": 1.0,
    "sock_material": "onbekend",
    "sediment_sump_length": NaN,
    "groundwater_monitoring_well_id": 176,
    "groundwater_monitoring_tube_dynamic_id": 615,
    "tube_top_diameter": 57.0,
    "variable_diameter": "nee",
    "tube_status": "onbekend",
    "tube_top_position": 0.95,
    "tube_top_positioning_method": "onbekend",
    "tube_packing_material": "onbekend",
    "glue": "onbekend",
    "plain_tube_part_length": 19.16,
    "inserted_part_diameter": null,
    "inserted_part_length": null,
    "inserted_part_material": null,
    "registration_object_type": "groundwater_monitoring_well",
    "request_reference": "construction_nitg_B48F0145",
    "delivery_accountable_party": 20168636,
    "delivery_responsible_party": null,
    "quality_regime": "IMBRO/A",
    "under_privilege": "ja",
    "delivery_context": "archiefoverdracht",
    "construction_standard": "onbekend",
    "initial_function": "stand",
    "number_of_standpipes": 2,
    "ground_level_stable": "ja",
    "well_stability": "",
    "nitg_code": "B48F0145",
    "olga_code": null,
    "well_code": null,
    "owner": 20168636,
    "maintenance_responsible_party": 20168636,
    "well_head_protector": "koker",
    "well_construction_date": "1985-02-27",
    "well_removal_date": null,
    "monitoring_pdok_id": 41678,
    "delivered_to_bro": false,
    "location_id": 863,
    "coordinates": "POINT (55110 390020)",
    "referencesystem": "RD",
    "horizontal_positioning_method": "onbekend",
    "screen_top": -18.21,
    "screen_bot": -19.21,
    "name": "GMW000000050751-002",
    "metingen": 1,
    "x": 55110.0,
    "y": 390020.0,
    "lon": 3.9488631392192444,
    "lat": 51.49034570514293
}