{
    "groundwater_monitoring_tube_static_id": 1666,
    "deliver_gld_to_bro": false,
    "tube_type": "standaardbuis",
    "artesian_well_cap_present": "onbekend",
    "sediment_sump_present": "onbekend",
    "number_of_geo_ohm_cables": 0,
    "tube_material": "pvc",
    "screen_length": 1.0,
    "sock_material": "onbekend",
    "sediment_sump_length": NaN,
    "groundwater_monitoring_well_id": 653,
    "groundwater_monitoring_tube_dynamic_id": 3385,
    "tube_top_diameter": 25.0,
    "variable_diameter": "nee",
    "tube_status": "onbekend",
    "tube_top_position": 2.73,
    "tube_top_positioning_method": "onbekend",
    "tube_packing_material": "onbekend",
    "glue": "onbekend",
    "plain_tube_part_length": 4.93,
    "inserted_part_diameter": null,
    "inserted_part_length": null,
    "inserted_part_material": null,
    "registration_object_type": "groundwater_monitoring_well",
    "request_reference": "construction_nitg_B48G0095",
    "delivery_accountable_party": 20168636,
    "delivery_responsible_party": null,
    "quality_regime": "IMBRO/A",
    "under_privilege": "ja",
    "delivery_context": "archiefoverdracht",
    "construction_standard": "onbekend",
    "initial_function": "stand",
    "number_of_standpipes": 2,
    "ground_level_stable": "nee",
    "well_stability": "stabielNAP",
    "nitg_code": "B48G0095",
    "olga_code": null,
    "well_code": null,
    "owner": 20168636,
    "maintenance_responsible_party": 20168636,
    "well_head_protector": "koker",
    "well_construction_date": "1987-06-03",
    "well_removal_date": null,
    "monitoring_pdok_id": 48827,
    "delivered_to_bro": false,
    "location_id": 1340,
    "coordinates": "POINT (48576 384747)",
    "referencesystem": "RD",
    "horizontal_positioning_method": "GPSOnbekend",
    "screen_top": -2.1999999999999997,
    "screen_bot": -3.1999999999999997,
    "name": "GMW000000057212-001",
    "metingen": 1,
    "x": 48576.0,
    "y": 384747.0,
    "lon": 3.8564036493156992,
    "lat": 51.44176551945897
}