{
    "groundwater_monitoring_tube_static_id": 141,
    "deliver_gld_to_bro": false,
    "tube_type": "standaardbuis",
    "artesian_well_cap_present": "nee",
    "sediment_sump_present": "nee",
    "number_of_geo_ohm_cables": 0,
    "tube_material": "pvc",
    "screen_length": 1.0,
    "sock_material": "onbekend",
    "sediment_sump_length": NaN,
    "groundwater_monitoring_well_id": 64,
    "groundwater_monitoring_tube_dynamic_id": 165,
    "tube_top_diameter": 25.0,
    "variable_diameter": "onbekend",
    "tube_status": "gebruiksklaar",
    "tube_top_position": 5.75,
    "tube_top_positioning_method": "waterpassing0tot2cm",
    "tube_packing_material": "onbekend",
    "glue": "onbekend",
    "plain_tube_part_length": 5.28,
    "inserted_part_diameter": null,
    "inserted_part_length": null,
    "inserted_part_material": null,
    "registration_object_type": "groundwater_monitoring_well",
    "request_reference": "construction_nitg_B42F0080",
    "delivery_accountable_party": 20168636,
    "delivery_responsible_party": null,
    "quality_regime": "IMBRO/A",
    "under_privilege": "ja",
    "delivery_context": "archiefoverdracht",
    "construction_standard": "onbekend",
    "initial_function": "stand",
    "number_of_standpipes": 9,
    "ground_level_stable": "ja",
    "well_stability": "",
    "nitg_code": "B42F0080",
    "olga_code": null,
    "well_code": null,
    "owner": 20168636,
    "maintenance_responsible_party": 20168636,
    "well_head_protector": "koker",
    "well_construction_date": "1972-03-22",
    "well_removal_date": null,
    "monitoring_pdok_id": 40863,
    "delivered_to_bro": false,
    "location_id": 751,
    "coordinates": "POINT (58791 418606)",
    "referencesystem": "RD",
    "horizontal_positioning_method": "onbekend",
    "screen_top": 0.46999999999999975,
    "screen_bot": -0.5300000000000002,
    "name": "GMW000000050660-001",
    "metingen": 1,
    "x": 58791.0,
    "y": 418606.0,
    "lon": 3.9939783425999584,
    "lat": 51.74787200995384
}