{
    "groundwater_monitoring_tube_static_id": 1242,
    "deliver_gld_to_bro": false,
    "tube_type": "standaardbuis",
    "artesian_well_cap_present": "onbekend",
    "sediment_sump_present": "onbekend",
    "number_of_geo_ohm_cables": 0,
    "tube_material": "pvc",
    "screen_length": 1.0,
    "sock_material": "onbekend",
    "sediment_sump_length": NaN,
    "groundwater_monitoring_well_id": 487,
    "groundwater_monitoring_tube_dynamic_id": 2275,
    "tube_top_diameter": 28.0,
    "variable_diameter": "nee",
    "tube_status": "onbekend",
    "tube_top_position": 7.43,
    "tube_top_positioning_method": "onbekend",
    "tube_packing_material": "onbekend",
    "glue": "onbekend",
    "plain_tube_part_length": 42.31,
    "inserted_part_diameter": null,
    "inserted_part_length": null,
    "inserted_part_material": null,
    "registration_object_type": "groundwater_monitoring_well",
    "request_reference": "construction_nitg_B48B0120",
    "delivery_accountable_party": 20168636,
    "delivery_responsible_party": null,
    "quality_regime": "IMBRO/A",
    "under_privilege": "ja",
    "delivery_context": "archiefoverdracht",
    "construction_standard": "onbekend",
    "initial_function": "stand",
    "number_of_standpipes": 5,
    "ground_level_stable": "ja",
    "well_stability": "",
    "nitg_code": "B48B0120",
    "olga_code": null,
    "well_code": null,
    "owner": 20168636,
    "maintenance_responsible_party": 20168636,
    "well_head_protector": "koker",
    "well_construction_date": "1968-09-26",
    "well_removal_date": null,
    "monitoring_pdok_id": 42860,
    "delivered_to_bro": false,
    "location_id": 1174,
    "coordinates": "POINT (39195 397765)",
    "referencesystem": "RD",
    "horizontal_positioning_method": "onbekend",
    "screen_top": -34.88,
    "screen_bot": -35.88,
    "name": "GMW000000051062-003",
    "metingen": 1,
    "x": 39195.0,
    "y": 397765.0,
    "lon": 3.717230622011273,
    "lat": 51.556891483400825
}