{
    "groundwater_monitoring_tube_static_id": 904,
    "deliver_gld_to_bro": false,
    "tube_type": "standaardbuis",
    "artesian_well_cap_present": "onbekend",
    "sediment_sump_present": "onbekend",
    "number_of_geo_ohm_cables": 0,
    "tube_material": "pvc",
    "screen_length": 0.2,
    "sock_material": "onbekend",
    "sediment_sump_length": NaN,
    "groundwater_monitoring_well_id": 346,
    "groundwater_monitoring_tube_dynamic_id": 1556,
    "tube_top_diameter": NaN,
    "variable_diameter": "onbekend",
    "tube_status": "onbekend",
    "tube_top_position": 1.51,
    "tube_top_positioning_method": "onbekend",
    "tube_packing_material": "onbekend",
    "glue": "onbekend",
    "plain_tube_part_length": 4.51,
    "inserted_part_diameter": null,
    "inserted_part_length": null,
    "inserted_part_material": null,
    "registration_object_type": "groundwater_monitoring_well",
    "request_reference": "construction_nitg_B54F0048",
    "delivery_accountable_party": 20168636,
    "delivery_responsible_party": null,
    "quality_regime": "IMBRO/A",
    "under_privilege": "ja",
    "delivery_context": "archiefoverdracht",
    "construction_standard": "onbekend",
    "initial_function": "stand",
    "number_of_standpipes": 2,
    "ground_level_stable": "nee",
    "well_stability": "stabielNAP",
    "nitg_code": "B54F0048",
    "olga_code": null,
    "well_code": null,
    "owner": 20168636,
    "maintenance_responsible_party": 20168636,
    "well_head_protector": "koker",
    "well_construction_date": "1985-10-24",
    "well_removal_date": null,
    "monitoring_pdok_id": 42336,
    "delivered_to_bro": false,
    "location_id": 1033,
    "coordinates": "POINT (58870 370020)",
    "referencesystem": "RD",
    "horizontal_positioning_method": "onbekend",
    "screen_top": -3.0,
    "screen_bot": -3.2,
    "name": "GMW000000050921-001",
    "metingen": 1,
    "x": 58870.0,
    "y": 370020.0,
    "lon": 4.008432134441752,
    "lat": 51.311268365345356
}