{
    "groundwater_monitoring_tube_static_id": 1674,
    "deliver_gld_to_bro": false,
    "tube_type": "standaardbuis",
    "artesian_well_cap_present": "onbekend",
    "sediment_sump_present": "onbekend",
    "number_of_geo_ohm_cables": 0,
    "tube_material": "pvc",
    "screen_length": 0.2,
    "sock_material": "onbekend",
    "sediment_sump_length": NaN,
    "groundwater_monitoring_well_id": 655,
    "groundwater_monitoring_tube_dynamic_id": 3410,
    "tube_top_diameter": NaN,
    "variable_diameter": "onbekend",
    "tube_status": "onbekend",
    "tube_top_position": 1.28,
    "tube_top_positioning_method": "onbekend",
    "tube_packing_material": "onbekend",
    "glue": "onbekend",
    "plain_tube_part_length": 5.28,
    "inserted_part_diameter": null,
    "inserted_part_length": null,
    "inserted_part_material": null,
    "registration_object_type": "groundwater_monitoring_well",
    "request_reference": "construction_nitg_B42E0274",
    "delivery_accountable_party": 20168636,
    "delivery_responsible_party": null,
    "quality_regime": "IMBRO/A",
    "under_privilege": "ja",
    "delivery_context": "archiefoverdracht",
    "construction_standard": "onbekend",
    "initial_function": "stand",
    "number_of_standpipes": 5,
    "ground_level_stable": "nee",
    "well_stability": "stabielNAP",
    "nitg_code": "B42E0274",
    "olga_code": null,
    "well_code": null,
    "owner": 20168636,
    "maintenance_responsible_party": 20168636,
    "well_head_protector": "koker",
    "well_construction_date": "1976-04-15",
    "well_removal_date": null,
    "monitoring_pdok_id": 48918,
    "delivered_to_bro": false,
    "location_id": 1342,
    "coordinates": "POINT (40091 414883)",
    "referencesystem": "RD",
    "horizontal_positioning_method": "GPSOnbekend",
    "screen_top": -4.0,
    "screen_bot": -4.2,
    "name": "GMW000000057214-001",
    "metingen": 1,
    "x": 40091.0,
    "y": 414883.0,
    "lon": 3.7245110330397306,
    "lat": 51.710888878010195
}