{
    "groundwater_monitoring_tube_static_id": 258,
    "deliver_gld_to_bro": false,
    "tube_type": "standaardbuis",
    "artesian_well_cap_present": "onbekend",
    "sediment_sump_present": "onbekend",
    "number_of_geo_ohm_cables": 0,
    "tube_material": "pvc",
    "screen_length": 1.0,
    "sock_material": "onbekend",
    "sediment_sump_length": NaN,
    "groundwater_monitoring_well_id": 120,
    "groundwater_monitoring_tube_dynamic_id": 282,
    "tube_top_diameter": 57.0,
    "variable_diameter": "nee",
    "tube_status": "onbekend",
    "tube_top_position": 2.6,
    "tube_top_positioning_method": "onbekend",
    "tube_packing_material": "onbekend",
    "glue": "onbekend",
    "plain_tube_part_length": 18.65,
    "inserted_part_diameter": null,
    "inserted_part_length": null,
    "inserted_part_material": null,
    "registration_object_type": "groundwater_monitoring_well",
    "request_reference": "construction_nitg_B43C0058",
    "delivery_accountable_party": 20168636,
    "delivery_responsible_party": null,
    "quality_regime": "IMBRO/A",
    "under_privilege": "ja",
    "delivery_context": "archiefoverdracht",
    "construction_standard": "onbekend",
    "initial_function": "stand",
    "number_of_standpipes": 2,
    "ground_level_stable": "nee",
    "well_stability": "stabielNAP",
    "nitg_code": "B43C0058",
    "olga_code": null,
    "well_code": null,
    "owner": 20168636,
    "maintenance_responsible_party": 20168636,
    "well_head_protector": "koker",
    "well_construction_date": "1958-06-01",
    "well_removal_date": null,
    "monitoring_pdok_id": 41261,
    "delivered_to_bro": false,
    "location_id": 807,
    "coordinates": "POINT (65030 409430)",
    "referencesystem": "RD",
    "horizontal_positioning_method": "onbekend",
    "screen_top": -16.049999999999997,
    "screen_bot": -17.049999999999997,
    "name": "GMW000000050695-001",
    "metingen": 1,
    "x": 65030.0,
    "y": 409430.0,
    "lon": 4.086677666481654,
    "lat": 51.66644983361688
}