{
    "groundwater_monitoring_tube_static_id": 65,
    "deliver_gld_to_bro": false,
    "tube_type": "standaardbuis",
    "artesian_well_cap_present": "nee",
    "sediment_sump_present": "nee",
    "number_of_geo_ohm_cables": 0,
    "tube_material": "pvc",
    "screen_length": 1.0,
    "sock_material": "onbekend",
    "sediment_sump_length": NaN,
    "groundwater_monitoring_well_id": 34,
    "groundwater_monitoring_tube_dynamic_id": 77,
    "tube_top_diameter": 36.0,
    "variable_diameter": "nee",
    "tube_status": "gebruiksklaar",
    "tube_top_position": 1.11,
    "tube_top_positioning_method": "waterpassing0tot2cm",
    "tube_packing_material": "onbekend",
    "glue": "ongespecificeerd",
    "plain_tube_part_length": 2.54,
    "inserted_part_diameter": null,
    "inserted_part_length": null,
    "inserted_part_material": null,
    "registration_object_type": "groundwater_monitoring_well",
    "request_reference": "construction_nitg_B48C0196",
    "delivery_accountable_party": 20168636,
    "delivery_responsible_party": null,
    "quality_regime": "IMBRO/A",
    "under_privilege": "ja",
    "delivery_context": "archiefoverdracht",
    "construction_standard": "onbekend",
    "initial_function": "brandput",
    "number_of_standpipes": 1,
    "ground_level_stable": "onbekend",
    "well_stability": "onbekend",
    "nitg_code": "B48C0196",
    "olga_code": null,
    "well_code": null,
    "owner": 20168636,
    "maintenance_responsible_party": 20168636,
    "well_head_protector": "koker",
    "well_construction_date": "1995-11-08",
    "well_removal_date": null,
    "monitoring_pdok_id": 860,
    "delivered_to_bro": false,
    "location_id": 721,
    "coordinates": "POINT (23925 380100)",
    "referencesystem": "RD",
    "horizontal_positioning_method": "tachymetrie10tot50cm",
    "screen_top": -1.43,
    "screen_bot": -2.4299999999999997,
    "name": "GMW000000004883-001",
    "metingen": 1,
    "x": 23925.0,
    "y": 380100.0,
    "lon": 3.503716052861374,
    "lat": 51.39482377381873
}