time,value,status_quality_control,censor_reason,censor_limit
2025-06-01T00:28:29+0200,2.717,afgekeurd,,
2025-06-01T01:28:29+0200,2.722,afgekeurd,,
2025-06-01T02:28:29+0200,2.724,afgekeurd,,
2025-06-01T03:28:29+0200,2.720,afgekeurd,,
2025-06-01T04:28:30+0200,2.715,afgekeurd,,
2025-06-01T05:28:30+0200,2.720,afgekeurd,,
2025-06-01T06:28:30+0200,2.720,afgekeurd,,
2025-06-01T07:28:30+0200,2.720,afgekeurd,,
2025-06-01T08:28:31+0200,2.719,afgekeurd,,
2025-06-01T09:28:31+0200,2.720,afgekeurd,,
2025-06-01T10:28:31+0200,2.721,afgekeurd,,
2025-06-01T11:28:31+0200,2.722,afgekeurd,,
2025-06-01T12:28:32+0200,2.734,afgekeurd,,
2025-06-01T13:28:32+0200,2.729,afgekeurd,,
2025-06-01T14:28:31+0200,2.717,afgekeurd,,
2025-06-01T15:28:31+0200,2.719,afgekeurd,,
2025-06-01T16:28:31+0200,2.724,afgekeurd,,
2025-06-01T17:28:32+0200,2.728,afgekeurd,,
2025-06-01T18:28:32+0200,2.731,afgekeurd,,
2025-06-01T19:28:33+0200,2.718,afgekeurd,,
2025-06-01T20:28:33+0200,2.726,afgekeurd,,
2025-06-01T21:28:33+0200,2.718,afgekeurd,,
2025-06-01T22:28:33+0200,2.705,afgekeurd,,
2025-06-01T23:28:33+0200,2.718,afgekeurd,,
2025-06-02T00:28:34+0200,2.718,afgekeurd,,
2025-06-02T01:28:33+0200,2.715,afgekeurd,,
2025-06-02T02:28:33+0200,2.718,afgekeurd,,
2025-06-02T03:28:34+0200,2.718,afgekeurd,,
2025-06-02T04:28:34+0200,2.717,afgekeurd,,
2025-06-02T05:28:35+0200,2.717,afgekeurd,,
2025-06-02T06:28:34+0200,2.716,afgekeurd,,
2025-06-02T07:28:35+0200,2.719,afgekeurd,,
2025-06-02T08:28:35+0200,2.713,afgekeurd,,
2025-06-02T09:28:35+0200,2.718,afgekeurd,,
2025-06-02T10:28:35+0200,2.715,afgekeurd,,
2025-06-02T11:28:35+0200,2.717,afgekeurd,,
2025-06-02T12:28:35+0200,2.719,afgekeurd,,
2025-06-02T13:28:35+0200,2.720,afgekeurd,,
2025-06-02T14:28:36+0200,2.716,afgekeurd,,
2025-06-02T15:28:36+0200,2.719,afgekeurd,,
2025-06-02T16:28:36+0200,2.718,afgekeurd,,
2025-06-02T17:28:36+0200,2.719,afgekeurd,,
2025-06-02T18:28:36+0200,2.716,afgekeurd,,
2025-06-02T19:28:37+0200,2.717,afgekeurd,,
2025-06-02T20:28:37+0200,2.717,afgekeurd,,
2025-06-02T21:28:37+0200,2.718,afgekeurd,,
2025-06-02T22:28:37+0200,2.716,afgekeurd,,
2025-06-02T23:28:37+0200,2.716,afgekeurd,,
2025-06-03T00:28:38+0200,2.717,afgekeurd,,
2025-06-03T01:28:38+0200,2.717,afgekeurd,,
2025-06-03T02:28:38+0200,2.716,afgekeurd,,
2025-06-03T03:28:38+0200,2.723,afgekeurd,,
2025-06-03T04:28:38+0200,2.728,afgekeurd,,
2025-06-03T05:28:39+0200,2.739,afgekeurd,,
2025-06-03T06:28:39+0200,2.744,afgekeurd,,
2025-06-03T07:28:39+0200,2.730,afgekeurd,,
2025-06-03T08:28:39+0200,2.737,afgekeurd,,
2025-06-03T09:28:39+0200,2.745,afgekeurd,,
2025-06-03T10:28:39+0200,2.760,goedgekeurd,,
2025-06-03T11:28:39+0200,2.767,goedgekeurd,,
2025-06-03T12:28:40+0200,2.766,goedgekeurd,,
2025-06-03T13:28:40+0200,2.770,goedgekeurd,,
2025-06-03T14:28:40+0200,2.772,goedgekeurd,,
2025-06-03T15:28:40+0200,2.768,goedgekeurd,,
2025-06-03T16:28:40+0200,2.767,goedgekeurd,,
2025-06-03T17:28:40+0200,2.780,goedgekeurd,,
2025-06-03T18:28:40+0200,2.777,goedgekeurd,,
2025-06-03T19:28:41+0200,2.779,goedgekeurd,,
2025-06-03T20:28:41+0200,2.775,goedgekeurd,,
2025-06-03T21:28:41+0200,2.772,goedgekeurd,,
2025-06-03T22:28:41+0200,2.781,goedgekeurd,,
2025-06-03T23:28:42+0200,2.786,goedgekeurd,,
2025-06-04T00:28:42+0200,2.782,goedgekeurd,,
2025-06-04T01:28:42+0200,2.792,goedgekeurd,,
2025-06-04T02:28:42+0200,2.795,goedgekeurd,,
2025-06-04T03:28:42+0200,2.814,goedgekeurd,,
2025-06-04T04:28:43+0200,2.821,goedgekeurd,,
2025-06-04T05:28:43+0200,2.837,goedgekeurd,,
2025-06-04T06:28:43+0200,2.848,goedgekeurd,,
2025-06-04T07:28:44+0200,2.847,goedgekeurd,,
2025-06-04T08:28:44+0200,2.841,goedgekeurd,,
2025-06-04T09:28:43+0200,2.835,goedgekeurd,,
2025-06-04T10:28:43+0200,2.833,goedgekeurd,,
2025-06-04T11:28:43+0200,2.843,goedgekeurd,,
2025-06-04T12:28:44+0200,2.850,goedgekeurd,,
2025-06-04T13:28:44+0200,2.848,goedgekeurd,,
2025-06-04T14:28:44+0200,2.849,goedgekeurd,,
2025-06-04T15:28:44+0200,2.853,goedgekeurd,,
2025-06-04T16:28:45+0200,2.853,goedgekeurd,,
2025-06-04T17:28:45+0200,2.847,goedgekeurd,,
2025-06-04T18:28:45+0200,2.848,goedgekeurd,,
2025-06-04T19:28:45+0200,2.848,goedgekeurd,,
2025-06-04T20:28:45+0200,2.844,goedgekeurd,,
2025-06-04T21:28:46+0200,2.847,goedgekeurd,,
2025-06-04T22:28:46+0200,2.842,goedgekeurd,,
2025-06-04T23:28:46+0200,2.850,goedgekeurd,,
2025-06-05T00:28:46+0200,2.850,goedgekeurd,,
2025-06-05T01:28:46+0200,2.847,goedgekeurd,,
2025-06-05T02:28:46+0200,2.859,goedgekeurd,,
2025-06-05T03:28:47+0200,2.864,goedgekeurd,,
2025-06-05T04:28:47+0200,2.850,goedgekeurd,,
2025-06-05T05:28:47+0200,2.859,goedgekeurd,,
2025-06-05T06:28:47+0200,2.871,goedgekeurd,,
2025-06-05T07:28:47+0200,2.866,goedgekeurd,,
2025-06-05T08:28:47+0200,2.870,goedgekeurd,,
2025-06-05T09:28:47+0200,2.875,goedgekeurd,,
2025-06-05T10:28:48+0200,2.880,goedgekeurd,,
2025-06-05T11:28:48+0200,2.886,goedgekeurd,,
2025-06-05T12:28:48+0200,2.883,goedgekeurd,,
2025-06-05T13:28:48+0200,2.899,goedgekeurd,,
2025-06-05T14:28:49+0200,3.072,goedgekeurd,,
2025-06-05T15:28:48+0200,3.012,goedgekeurd,,
2025-06-05T16:28:49+0200,2.976,goedgekeurd,,
2025-06-05T17:28:49+0200,2.964,goedgekeurd,,
2025-06-05T18:28:49+0200,2.958,goedgekeurd,,
2025-06-05T19:28:49+0200,2.953,goedgekeurd,,
2025-06-05T20:28:50+0200,2.941,goedgekeurd,,
2025-06-05T21:28:50+0200,2.940,goedgekeurd,,
2025-06-05T22:28:50+0200,2.941,goedgekeurd,,
2025-06-05T23:28:51+0200,2.945,goedgekeurd,,
2025-06-06T00:28:51+0200,2.940,goedgekeurd,,
2025-06-06T01:28:51+0200,2.957,goedgekeurd,,
2025-06-06T02:28:50+0200,2.949,goedgekeurd,,
2025-06-06T03:28:50+0200,2.936,goedgekeurd,,
2025-06-06T04:28:51+0200,3.555,goedgekeurd,,
2025-06-06T05:28:52+0200,3.282,goedgekeurd,,
2025-06-06T06:28:51+0200,3.139,goedgekeurd,,
2025-06-06T07:28:51+0200,3.081,goedgekeurd,,
2025-06-06T08:28:52+0200,3.041,goedgekeurd,,
2025-06-06T09:28:52+0200,2.997,goedgekeurd,,
2025-06-06T10:28:52+0200,2.987,goedgekeurd,,
2025-06-06T11:28:53+0200,2.960,goedgekeurd,,
2025-06-06T12:28:53+0200,2.935,goedgekeurd,,
2025-06-06T13:28:53+0200,2.923,goedgekeurd,,
2025-06-06T14:28:53+0200,2.920,goedgekeurd,,
2025-06-06T15:28:53+0200,2.914,goedgekeurd,,
2025-06-06T16:28:54+0200,2.914,goedgekeurd,,
2025-06-06T17:28:53+0200,2.906,goedgekeurd,,
2025-06-06T18:28:53+0200,2.900,goedgekeurd,,
2025-06-06T19:28:55+0200,2.904,goedgekeurd,,
2025-06-06T20:28:54+0200,2.903,goedgekeurd,,
2025-06-06T21:28:55+0200,2.900,goedgekeurd,,
2025-06-06T22:28:54+0200,2.894,goedgekeurd,,
2025-06-06T23:28:55+0200,2.884,goedgekeurd,,
2025-06-07T00:28:55+0200,2.883,goedgekeurd,,
2025-06-07T01:28:55+0200,2.894,goedgekeurd,,
2025-06-07T02:28:55+0200,2.887,goedgekeurd,,
2025-06-07T03:28:55+0200,2.880,goedgekeurd,,
2025-06-07T04:28:56+0200,2.884,goedgekeurd,,
2025-06-07T05:28:56+0200,2.878,goedgekeurd,,
2025-06-07T06:28:56+0200,2.891,goedgekeurd,,
2025-06-07T07:28:56+0200,2.887,goedgekeurd,,
2025-06-07T08:28:56+0200,2.883,goedgekeurd,,
2025-06-07T09:28:56+0200,2.891,goedgekeurd,,
2025-06-07T10:28:57+0200,2.895,goedgekeurd,,
2025-06-07T11:28:57+0200,2.900,goedgekeurd,,
2025-06-07T12:28:57+0200,2.907,goedgekeurd,,
2025-06-07T13:28:58+0200,3.082,goedgekeurd,,
2025-06-07T14:28:58+0200,3.031,goedgekeurd,,
2025-06-07T15:28:57+0200,3.010,goedgekeurd,,
2025-06-07T16:28:57+0200,3.003,goedgekeurd,,
2025-06-07T17:28:58+0200,2.988,goedgekeurd,,
2025-06-07T18:28:58+0200,2.980,goedgekeurd,,
2025-06-07T19:28:58+0200,2.976,goedgekeurd,,
2025-06-07T20:28:58+0200,2.958,goedgekeurd,,
2025-06-07T21:28:59+0200,2.955,goedgekeurd,,
2025-06-07T22:28:59+0200,2.950,goedgekeurd,,
2025-06-07T23:28:58+0200,2.949,goedgekeurd,,
2025-06-08T00:28:59+0200,2.944,goedgekeurd,,
2025-06-08T01:28:59+0200,2.941,goedgekeurd,,
2025-06-08T02:29:00+0200,2.955,goedgekeurd,,
2025-06-08T03:28:59+0200,2.954,goedgekeurd,,
2025-06-08T04:28:59+0200,2.950,goedgekeurd,,
2025-06-08T05:29:00+0200,2.938,goedgekeurd,,
2025-06-08T06:29:00+0200,3.586,goedgekeurd,,
2025-06-08T07:29:00+0200,3.575,goedgekeurd,,
2025-06-08T08:29:00+0200,3.381,goedgekeurd,,
2025-06-08T09:29:00+0200,3.247,goedgekeurd,,
2025-06-08T10:29:01+0200,3.143,goedgekeurd,,
2025-06-08T11:29:01+0200,3.215,goedgekeurd,,
2025-06-08T12:29:01+0200,3.252,goedgekeurd,,
2025-06-08T13:29:01+0200,3.293,goedgekeurd,,
2025-06-08T14:29:01+0200,3.186,goedgekeurd,,
2025-06-08T15:29:01+0200,3.111,goedgekeurd,,
2025-06-08T16:29:01+0200,3.067,goedgekeurd,,
2025-06-08T17:29:01+0200,3.026,goedgekeurd,,
2025-06-08T18:29:01+0200,2.995,goedgekeurd,,
2025-06-08T19:29:01+0200,2.973,goedgekeurd,,
2025-06-08T20:29:01+0200,2.957,goedgekeurd,,
2025-06-08T21:29:01+0200,2.941,goedgekeurd,,
2025-06-08T22:29:01+0200,2.921,goedgekeurd,,
2025-06-08T23:29:01+0200,2.915,goedgekeurd,,
2025-06-09T00:29:01+0200,2.912,goedgekeurd,,
2025-06-09T01:29:01+0200,2.921,goedgekeurd,,
2025-06-09T02:29:01+0200,3.620,goedgekeurd,,
2025-06-09T03:29:01+0200,3.483,goedgekeurd,,
2025-06-09T04:29:01+0200,3.310,goedgekeurd,,
2025-06-09T05:29:01+0200,3.205,goedgekeurd,,
2025-06-09T06:29:01+0200,3.145,goedgekeurd,,
2025-06-09T07:29:01+0200,3.123,goedgekeurd,,
2025-06-09T08:29:01+0200,3.113,goedgekeurd,,
2025-06-09T09:29:01+0200,3.126,goedgekeurd,,
2025-06-09T10:29:01+0200,3.173,goedgekeurd,,
2025-06-09T11:29:01+0200,3.234,goedgekeurd,,
2025-06-09T12:29:01+0200,3.301,goedgekeurd,,
2025-06-09T13:29:01+0200,3.401,goedgekeurd,,
2025-06-09T14:29:01+0200,3.448,goedgekeurd,,
2025-06-09T15:29:01+0200,3.479,goedgekeurd,,
2025-06-09T16:29:01+0200,3.508,goedgekeurd,,
2025-06-09T17:29:01+0200,3.531,goedgekeurd,,
2025-06-09T18:29:01+0200,3.557,goedgekeurd,,
2025-06-09T19:29:01+0200,3.581,goedgekeurd,,
2025-06-09T20:29:01+0200,3.600,goedgekeurd,,
2025-06-09T21:29:01+0200,3.618,goedgekeurd,,
2025-06-09T22:29:01+0200,3.640,goedgekeurd,,
2025-06-09T23:29:01+0200,3.666,goedgekeurd,,
2025-06-10T00:29:08+0200,3.683,goedgekeurd,,
2025-06-10T01:29:08+0200,3.695,goedgekeurd,,
2025-06-10T02:29:08+0200,3.710,goedgekeurd,,
2025-06-10T03:29:08+0200,3.716,goedgekeurd,,
2025-06-10T04:29:09+0200,3.721,goedgekeurd,,
2025-06-10T05:29:09+0200,3.726,goedgekeurd,,
2025-06-10T06:29:09+0200,3.735,goedgekeurd,,
2025-06-10T07:29:09+0200,3.736,goedgekeurd,,
2025-06-10T08:29:09+0200,3.740,goedgekeurd,,
2025-06-10T09:29:09+0200,3.743,goedgekeurd,,
2025-06-10T10:29:09+0200,3.745,goedgekeurd,,
2025-06-10T11:29:10+0200,3.750,goedgekeurd,,
2025-06-10T12:29:10+0200,3.753,goedgekeurd,,
2025-06-10T13:29:11+0200,3.756,goedgekeurd,,
2025-06-10T14:29:11+0200,3.757,goedgekeurd,,
2025-06-10T15:29:10+0200,3.761,goedgekeurd,,
2025-06-10T16:29:11+0200,3.763,goedgekeurd,,
2025-06-10T17:29:11+0200,3.764,goedgekeurd,,
2025-06-10T18:29:12+0200,3.766,goedgekeurd,,
2025-06-10T19:29:12+0200,3.765,goedgekeurd,,
2025-06-10T20:29:12+0200,3.766,goedgekeurd,,
2025-06-10T21:29:12+0200,3.767,goedgekeurd,,
2025-06-10T22:29:12+0200,3.768,goedgekeurd,,
2025-06-10T23:29:12+0200,3.769,goedgekeurd,,
2025-06-11T00:29:12+0200,3.769,goedgekeurd,,
2025-06-11T01:29:13+0200,3.770,goedgekeurd,,
2025-06-11T02:29:13+0200,3.767,goedgekeurd,,
2025-06-11T03:29:13+0200,3.771,goedgekeurd,,
2025-06-11T04:29:14+0200,3.767,goedgekeurd,,
2025-06-11T05:29:14+0200,3.768,goedgekeurd,,
2025-06-11T06:29:14+0200,3.764,goedgekeurd,,
2025-06-11T07:29:14+0200,3.765,goedgekeurd,,
2025-06-11T08:29:14+0200,3.767,goedgekeurd,,
2025-06-11T09:29:15+0200,3.765,goedgekeurd,,
2025-06-11T10:29:15+0200,3.765,goedgekeurd,,
2025-06-11T11:29:14+0200,3.764,goedgekeurd,,
2025-06-11T12:29:14+0200,3.760,goedgekeurd,,
2025-06-11T13:29:15+0200,3.763,goedgekeurd,,
2025-06-11T14:29:15+0200,3.761,goedgekeurd,,
2025-06-11T15:29:15+0200,3.758,goedgekeurd,,
2025-06-11T16:29:15+0200,3.760,goedgekeurd,,
2025-06-11T17:29:15+0200,3.756,goedgekeurd,,
2025-06-11T18:29:15+0200,3.761,goedgekeurd,,
2025-06-11T19:29:16+0200,3.756,goedgekeurd,,
2025-06-11T20:29:16+0200,3.761,goedgekeurd,,
2025-06-11T21:29:16+0200,3.759,goedgekeurd,,
2025-06-11T22:29:16+0200,3.756,goedgekeurd,,
2025-06-11T23:29:17+0200,3.756,goedgekeurd,,
2025-06-12T00:29:17+0200,3.756,goedgekeurd,,
2025-06-12T01:29:17+0200,3.750,goedgekeurd,,
2025-06-12T02:29:17+0200,3.753,goedgekeurd,,
2025-06-12T03:29:18+0200,3.754,goedgekeurd,,
2025-06-12T04:29:18+0200,3.753,goedgekeurd,,
2025-06-12T05:29:18+0200,3.754,goedgekeurd,,
2025-06-12T06:29:18+0200,3.751,goedgekeurd,,
2025-06-12T07:29:18+0200,3.751,goedgekeurd,,
2025-06-12T08:29:18+0200,3.749,goedgekeurd,,
2025-06-12T09:29:19+0200,3.750,goedgekeurd,,
2025-06-12T10:29:18+0200,3.750,goedgekeurd,,
2025-06-12T11:29:19+0200,3.747,goedgekeurd,,
2025-06-12T12:29:18+0200,3.745,goedgekeurd,,
2025-06-12T13:29:19+0200,3.748,goedgekeurd,,
2025-06-12T14:29:19+0200,3.751,goedgekeurd,,
2025-06-12T15:29:20+0200,3.750,goedgekeurd,,
2025-06-12T16:29:20+0200,3.747,goedgekeurd,,
2025-06-12T17:29:20+0200,3.749,goedgekeurd,,
2025-06-12T18:29:20+0200,3.746,goedgekeurd,,
2025-06-12T19:29:20+0200,3.747,goedgekeurd,,
2025-06-12T20:29:20+0200,3.747,goedgekeurd,,
2025-06-12T21:29:20+0200,3.747,goedgekeurd,,
2025-06-12T22:29:20+0200,3.744,goedgekeurd,,
2025-06-12T23:29:21+0200,3.743,goedgekeurd,,
2025-06-13T00:29:21+0200,3.742,goedgekeurd,,
2025-06-13T01:29:21+0200,3.744,goedgekeurd,,
2025-06-13T02:29:21+0200,3.743,goedgekeurd,,
2025-06-13T03:29:21+0200,3.738,goedgekeurd,,
2025-06-13T04:29:21+0200,3.739,goedgekeurd,,
2025-06-13T05:29:22+0200,3.738,goedgekeurd,,
2025-06-13T06:29:22+0200,3.739,goedgekeurd,,
2025-06-13T07:29:23+0200,3.738,goedgekeurd,,
2025-06-13T08:29:23+0200,3.737,goedgekeurd,,
2025-06-13T09:29:23+0200,3.735,goedgekeurd,,
2025-06-13T10:29:23+0200,3.732,goedgekeurd,,
2025-06-13T11:29:23+0200,3.733,goedgekeurd,,
2025-06-13T12:29:23+0200,3.730,goedgekeurd,,
2025-06-13T13:29:23+0200,3.731,goedgekeurd,,
2025-06-13T14:29:23+0200,3.728,goedgekeurd,,
2025-06-13T15:29:24+0200,3.726,goedgekeurd,,
2025-06-13T16:29:24+0200,3.726,goedgekeurd,,
2025-06-13T17:29:24+0200,3.722,goedgekeurd,,
2025-06-13T18:29:24+0200,3.726,goedgekeurd,,
2025-06-13T19:29:24+0200,3.724,goedgekeurd,,
2025-06-13T20:29:24+0200,3.721,goedgekeurd,,
2025-06-13T21:29:24+0200,3.724,goedgekeurd,,
2025-06-13T22:29:25+0200,3.724,goedgekeurd,,
2025-06-13T23:29:25+0200,3.719,goedgekeurd,,
2025-06-14T00:29:26+0200,3.718,goedgekeurd,,
2025-06-14T01:29:26+0200,3.715,goedgekeurd,,
2025-06-14T02:29:26+0200,3.714,goedgekeurd,,
2025-06-14T03:29:25+0200,3.713,goedgekeurd,,
2025-06-14T04:29:25+0200,3.714,goedgekeurd,,
2025-06-14T05:29:26+0200,3.713,goedgekeurd,,
2025-06-14T06:29:26+0200,3.710,goedgekeurd,,
2025-06-14T07:29:26+0200,3.709,goedgekeurd,,
2025-06-14T08:29:26+0200,3.711,goedgekeurd,,
2025-06-14T09:29:26+0200,3.710,goedgekeurd,,
2025-06-14T10:29:27+0200,3.710,goedgekeurd,,
2025-06-14T11:29:27+0200,3.707,goedgekeurd,,
2025-06-14T12:29:27+0200,3.704,goedgekeurd,,
2025-06-14T13:29:28+0200,3.705,goedgekeurd,,
2025-06-14T14:29:28+0200,3.703,goedgekeurd,,
2025-06-14T15:29:27+0200,3.699,goedgekeurd,,
2025-06-14T16:29:28+0200,3.699,goedgekeurd,,
2025-06-14T17:29:28+0200,3.692,goedgekeurd,,
2025-06-14T18:29:28+0200,3.687,goedgekeurd,,
2025-06-14T19:29:28+0200,3.684,goedgekeurd,,
2025-06-14T20:29:28+0200,3.677,goedgekeurd,,
2025-06-14T21:29:28+0200,3.672,goedgekeurd,,
2025-06-14T22:29:28+0200,3.667,goedgekeurd,,
2025-06-14T23:29:28+0200,3.663,goedgekeurd,,
2025-06-15T00:29:29+0200,3.658,goedgekeurd,,
2025-06-15T01:29:30+0200,3.656,goedgekeurd,,
2025-06-15T02:29:30+0200,3.653,goedgekeurd,,
2025-06-15T03:29:30+0200,3.656,goedgekeurd,,
2025-06-15T04:29:30+0200,3.656,goedgekeurd,,
2025-06-15T05:29:30+0200,3.652,goedgekeurd,,
2025-06-15T06:29:30+0200,3.652,goedgekeurd,,
2025-06-15T07:29:30+0200,3.650,goedgekeurd,,
2025-06-15T08:29:30+0200,3.647,goedgekeurd,,
2025-06-15T09:29:30+0200,3.648,goedgekeurd,,
2025-06-15T10:29:31+0200,3.647,goedgekeurd,,
2025-06-15T11:29:31+0200,3.643,goedgekeurd,,
2025-06-15T12:29:31+0200,3.643,goedgekeurd,,
2025-06-15T13:29:32+0200,3.643,goedgekeurd,,
2025-06-15T14:29:31+0200,3.639,goedgekeurd,,
2025-06-15T15:29:31+0200,3.637,goedgekeurd,,
2025-06-15T16:29:32+0200,3.635,goedgekeurd,,
2025-06-15T17:29:32+0200,3.637,goedgekeurd,,
2025-06-15T18:29:32+0200,3.634,goedgekeurd,,
2025-06-15T19:29:33+0200,3.633,goedgekeurd,,
2025-06-15T20:29:32+0200,3.630,goedgekeurd,,
2025-06-15T21:29:33+0200,3.629,goedgekeurd,,
2025-06-15T22:29:33+0200,3.626,goedgekeurd,,
2025-06-15T23:29:33+0200,3.623,goedgekeurd,,
2025-06-16T00:29:33+0200,3.618,goedgekeurd,,
2025-06-16T01:29:33+0200,3.619,goedgekeurd,,
2025-06-16T02:29:34+0200,3.617,goedgekeurd,,
2025-06-16T03:29:34+0200,3.613,goedgekeurd,,
2025-06-16T04:29:34+0200,3.613,goedgekeurd,,
2025-06-16T05:29:34+0200,3.611,goedgekeurd,,
2025-06-16T06:29:34+0200,3.609,goedgekeurd,,
2025-06-16T07:29:34+0200,3.603,goedgekeurd,,
2025-06-16T08:29:35+0200,3.600,goedgekeurd,,
2025-06-16T09:29:35+0200,3.589,goedgekeurd,,
2025-06-16T10:29:35+0200,3.584,goedgekeurd,,
2025-06-16T11:29:35+0200,3.581,goedgekeurd,,
2025-06-16T12:29:35+0200,3.573,goedgekeurd,,
2025-06-16T13:29:35+0200,3.574,goedgekeurd,,
2025-06-16T14:29:36+0200,3.565,goedgekeurd,,
2025-06-16T15:29:36+0200,3.558,goedgekeurd,,
2025-06-16T16:29:36+0200,3.551,goedgekeurd,,
2025-06-16T17:29:36+0200,3.535,goedgekeurd,,
2025-06-16T18:29:36+0200,3.534,goedgekeurd,,
2025-06-16T19:29:36+0200,3.522,goedgekeurd,,
2025-06-16T20:29:36+0200,3.508,goedgekeurd,,
2025-06-16T21:29:36+0200,3.504,goedgekeurd,,
2025-06-16T22:29:37+0200,3.487,goedgekeurd,,
2025-06-16T23:29:37+0200,3.480,goedgekeurd,,
2025-06-17T00:29:38+0200,3.473,goedgekeurd,,
2025-06-17T01:29:38+0200,3.467,goedgekeurd,,
2025-06-17T02:29:38+0200,3.458,goedgekeurd,,
2025-06-17T03:29:38+0200,3.449,goedgekeurd,,
2025-06-17T04:29:38+0200,3.443,goedgekeurd,,
2025-06-17T05:29:38+0200,3.443,goedgekeurd,,
2025-06-17T06:29:38+0200,3.436,goedgekeurd,,
2025-06-17T07:29:38+0200,3.431,goedgekeurd,,
2025-06-17T08:29:38+0200,3.421,goedgekeurd,,
2025-06-17T09:29:39+0200,3.409,goedgekeurd,,
2025-06-17T10:29:39+0200,3.402,goedgekeurd,,
2025-06-17T11:29:39+0200,3.395,goedgekeurd,,
2025-06-17T12:29:39+0200,3.381,goedgekeurd,,
2025-06-17T13:29:40+0200,3.378,goedgekeurd,,
2025-06-17T14:29:40+0200,3.372,goedgekeurd,,
2025-06-17T15:29:39+0200,3.371,goedgekeurd,,
2025-06-17T16:29:40+0200,3.355,goedgekeurd,,
2025-06-17T17:29:40+0200,3.362,goedgekeurd,,
2025-06-17T18:29:40+0200,3.360,goedgekeurd,,
2025-06-17T19:29:41+0200,3.366,goedgekeurd,,
2025-06-17T20:29:41+0200,3.364,goedgekeurd,,
2025-06-17T21:29:41+0200,3.364,goedgekeurd,,
2025-06-17T22:29:41+0200,3.357,goedgekeurd,,
2025-06-17T23:29:41+0200,3.349,goedgekeurd,,
2025-06-18T00:29:42+0200,3.357,goedgekeurd,,
2025-06-18T01:29:41+0200,3.356,goedgekeurd,,
2025-06-18T02:29:42+0200,3.354,goedgekeurd,,
2025-06-18T03:29:42+0200,3.357,goedgekeurd,,
2025-06-18T04:29:42+0200,3.338,goedgekeurd,,
2025-06-18T05:29:42+0200,3.334,goedgekeurd,,
2025-06-18T06:29:43+0200,3.335,goedgekeurd,,
2025-06-18T07:29:43+0200,3.330,goedgekeurd,,
2025-06-18T08:29:43+0200,3.323,goedgekeurd,,
2025-06-18T09:29:43+0200,3.313,goedgekeurd,,
2025-06-18T10:29:43+0200,3.310,goedgekeurd,,
2025-06-18T11:29:43+0200,3.308,goedgekeurd,,
2025-06-18T12:29:43+0200,3.302,goedgekeurd,,
2025-06-18T13:29:44+0200,3.297,goedgekeurd,,
2025-06-18T14:29:44+0200,3.283,goedgekeurd,,
2025-06-18T15:29:44+0200,3.283,goedgekeurd,,
2025-06-18T16:29:45+0200,3.282,goedgekeurd,,
2025-06-18T17:29:45+0200,3.280,goedgekeurd,,
2025-06-18T18:29:45+0200,3.273,goedgekeurd,,
2025-06-18T19:29:44+0200,3.268,goedgekeurd,,
2025-06-18T20:29:45+0200,3.264,goedgekeurd,,
2025-06-18T21:29:45+0200,3.262,goedgekeurd,,
2025-06-18T22:29:45+0200,3.256,goedgekeurd,,
2025-06-18T23:29:46+0200,3.247,goedgekeurd,,
2025-06-19T00:29:46+0200,3.237,goedgekeurd,,
2025-06-19T01:29:46+0200,3.226,goedgekeurd,,
2025-06-19T02:29:46+0200,3.222,goedgekeurd,,
2025-06-19T03:29:46+0200,3.217,goedgekeurd,,
2025-06-19T04:29:46+0200,3.211,goedgekeurd,,
2025-06-19T05:29:46+0200,3.209,goedgekeurd,,
2025-06-19T06:29:46+0200,3.201,goedgekeurd,,
2025-06-19T07:29:46+0200,3.201,goedgekeurd,,
2025-06-19T08:29:47+0200,3.204,goedgekeurd,,
2025-06-19T09:29:47+0200,3.193,goedgekeurd,,
2025-06-19T10:29:47+0200,3.194,goedgekeurd,,
2025-06-19T11:29:47+0200,3.189,goedgekeurd,,
2025-06-19T12:29:47+0200,3.183,goedgekeurd,,
2025-06-19T13:29:47+0200,3.180,goedgekeurd,,
2025-06-19T14:29:47+0200,3.179,goedgekeurd,,
2025-06-19T15:29:48+0200,3.175,goedgekeurd,,
2025-06-19T16:29:48+0200,3.170,goedgekeurd,,
2025-06-19T17:29:49+0200,3.170,goedgekeurd,,
2025-06-19T18:29:48+0200,3.171,goedgekeurd,,
2025-06-19T19:29:49+0200,3.172,goedgekeurd,,
2025-06-19T20:29:49+0200,3.174,goedgekeurd,,
2025-06-19T21:29:49+0200,3.171,goedgekeurd,,
2025-06-19T22:29:49+0200,3.167,goedgekeurd,,
2025-06-19T23:29:49+0200,3.168,goedgekeurd,,
2025-06-20T00:29:50+0200,3.151,goedgekeurd,,
2025-06-20T01:29:50+0200,3.143,goedgekeurd,,
2025-06-20T02:29:50+0200,3.134,goedgekeurd,,
2025-06-20T03:29:50+0200,3.132,goedgekeurd,,
2025-06-20T04:29:50+0200,3.133,goedgekeurd,,
2025-06-20T05:29:50+0200,3.132,goedgekeurd,,
2025-06-20T06:29:50+0200,3.130,goedgekeurd,,
2025-06-20T07:29:51+0200,3.150,goedgekeurd,,
2025-06-20T08:29:50+0200,3.150,goedgekeurd,,
2025-06-20T09:29:51+0200,3.142,goedgekeurd,,
2025-06-20T10:29:51+0200,3.139,goedgekeurd,,
2025-06-20T11:29:52+0200,3.144,goedgekeurd,,
2025-06-20T12:29:52+0200,3.139,goedgekeurd,,
2025-06-20T13:29:52+0200,3.143,goedgekeurd,,
2025-06-20T14:29:52+0200,3.142,goedgekeurd,,
2025-06-20T15:29:52+0200,3.141,goedgekeurd,,
2025-06-20T16:29:52+0200,3.147,goedgekeurd,,
2025-06-20T17:29:52+0200,3.149,goedgekeurd,,
2025-06-20T18:29:52+0200,3.154,goedgekeurd,,
2025-06-20T19:29:52+0200,3.153,goedgekeurd,,
2025-06-20T20:29:53+0200,3.155,goedgekeurd,,
2025-06-20T21:29:53+0200,3.153,goedgekeurd,,
2025-06-20T22:29:54+0200,3.151,goedgekeurd,,
2025-06-20T23:29:54+0200,3.145,goedgekeurd,,
2025-06-21T00:29:53+0200,3.141,goedgekeurd,,
2025-06-21T01:29:54+0200,3.138,goedgekeurd,,
2025-06-21T02:29:54+0200,3.155,goedgekeurd,,
2025-06-21T03:29:55+0200,3.136,goedgekeurd,,
2025-06-21T04:29:55+0200,3.147,goedgekeurd,,
2025-06-21T05:29:55+0200,3.155,goedgekeurd,,
2025-06-21T06:29:55+0200,3.152,goedgekeurd,,
2025-06-21T07:29:55+0200,3.150,goedgekeurd,,
2025-06-21T08:29:55+0200,3.152,goedgekeurd,,
2025-06-21T09:29:55+0200,3.148,goedgekeurd,,
2025-06-21T10:29:55+0200,3.145,goedgekeurd,,
2025-06-21T11:29:56+0200,3.152,goedgekeurd,,
2025-06-21T12:29:56+0200,3.152,goedgekeurd,,
2025-06-21T13:29:56+0200,3.149,goedgekeurd,,
2025-06-21T14:29:56+0200,3.157,goedgekeurd,,
2025-06-21T15:29:57+0200,3.159,goedgekeurd,,
2025-06-21T16:29:56+0200,3.161,goedgekeurd,,
2025-06-21T17:29:56+0200,3.162,goedgekeurd,,
2025-06-21T18:29:56+0200,3.166,goedgekeurd,,
2025-06-21T19:29:57+0200,3.165,goedgekeurd,,
2025-06-21T20:29:57+0200,3.167,goedgekeurd,,
2025-06-21T21:29:57+0200,3.171,goedgekeurd,,
2025-06-21T22:29:57+0200,3.177,goedgekeurd,,
2025-06-21T23:29:57+0200,3.168,goedgekeurd,,
2025-06-22T00:29:57+0200,3.181,goedgekeurd,,
2025-06-22T01:29:57+0200,3.175,goedgekeurd,,
2025-06-22T02:29:57+0200,3.178,goedgekeurd,,
2025-06-22T03:29:59+0200,3.179,goedgekeurd,,
2025-06-22T04:29:59+0200,3.190,goedgekeurd,,
2025-06-22T05:29:59+0200,3.197,goedgekeurd,,
2025-06-22T06:29:59+0200,3.200,goedgekeurd,,
2025-06-22T07:29:59+0200,3.203,goedgekeurd,,
2025-06-22T08:29:59+0200,3.195,goedgekeurd,,
2025-06-22T09:29:59+0200,3.188,goedgekeurd,,
2025-06-22T10:29:59+0200,3.192,goedgekeurd,,
2025-06-22T11:29:59+0200,3.194,goedgekeurd,,
2025-06-22T12:30:00+0200,3.192,goedgekeurd,,
2025-06-22T13:29:59+0200,3.194,goedgekeurd,,
2025-06-22T14:30:00+0200,3.199,goedgekeurd,,
2025-06-22T15:30:00+0200,3.189,goedgekeurd,,
2025-06-22T16:30:00+0200,3.189,goedgekeurd,,
2025-06-22T17:30:01+0200,3.184,goedgekeurd,,
2025-06-22T18:30:01+0200,3.186,goedgekeurd,,
2025-06-22T19:30:01+0200,3.196,goedgekeurd,,
2025-06-22T20:30:01+0200,3.175,goedgekeurd,,
2025-06-22T21:30:01+0200,3.181,goedgekeurd,,
2025-06-22T22:30:02+0200,3.179,goedgekeurd,,
2025-06-22T23:30:01+0200,3.170,goedgekeurd,,
2025-06-23T00:30:02+0200,3.172,goedgekeurd,,
2025-06-23T01:30:02+0200,3.172,goedgekeurd,,
2025-06-23T02:30:02+0200,3.176,goedgekeurd,,
2025-06-23T03:30:02+0200,3.181,goedgekeurd,,
2025-06-23T04:30:02+0200,3.188,goedgekeurd,,
2025-06-23T05:30:03+0200,3.185,goedgekeurd,,
2025-06-23T06:30:03+0200,3.194,goedgekeurd,,
2025-06-23T07:30:03+0200,3.188,goedgekeurd,,
2025-06-23T08:30:03+0200,3.191,goedgekeurd,,
2025-06-23T09:30:03+0200,3.187,goedgekeurd,,
2025-06-23T10:30:03+0200,3.184,goedgekeurd,,
2025-06-23T11:30:04+0200,3.165,goedgekeurd,,
2025-06-23T12:30:04+0200,3.150,goedgekeurd,,
2025-06-23T13:30:04+0200,3.151,goedgekeurd,,
2025-06-23T14:30:04+0200,3.143,goedgekeurd,,
2025-06-23T15:30:04+0200,3.144,goedgekeurd,,
2025-06-23T16:30:04+0200,3.128,goedgekeurd,,
2025-06-23T17:30:05+0200,3.121,goedgekeurd,,
2025-06-23T18:30:05+0200,3.123,goedgekeurd,,
2025-06-23T19:30:05+0200,3.120,goedgekeurd,,
2025-06-23T20:30:05+0200,3.108,goedgekeurd,,
2025-06-23T21:30:05+0200,3.106,goedgekeurd,,
2025-06-23T22:30:05+0200,3.097,goedgekeurd,,
2025-06-23T23:30:06+0200,3.098,goedgekeurd,,
2025-06-24T00:30:06+0200,3.099,goedgekeurd,,
2025-06-24T01:30:06+0200,3.102,goedgekeurd,,
2025-06-24T02:30:06+0200,3.109,goedgekeurd,,
2025-06-24T03:30:06+0200,3.102,goedgekeurd,,
2025-06-24T04:30:06+0200,3.104,goedgekeurd,,
2025-06-24T05:30:06+0200,3.110,goedgekeurd,,
2025-06-24T06:30:06+0200,3.116,goedgekeurd,,
2025-06-24T07:30:07+0200,3.106,goedgekeurd,,
2025-06-24T08:30:07+0200,3.104,goedgekeurd,,
2025-06-24T09:30:07+0200,3.098,goedgekeurd,,
2025-06-24T10:30:07+0200,3.107,goedgekeurd,,
2025-06-24T11:30:08+0200,3.093,goedgekeurd,,
2025-06-24T12:30:08+0200,3.093,goedgekeurd,,
2025-06-24T13:30:08+0200,3.093,goedgekeurd,,
2025-06-24T14:30:08+0200,3.086,goedgekeurd,,
2025-06-24T15:30:08+0200,3.089,goedgekeurd,,
2025-06-24T16:30:09+0200,3.093,goedgekeurd,,
2025-06-24T17:30:08+0200,3.089,goedgekeurd,,
2025-06-24T18:30:09+0200,3.090,goedgekeurd,,
2025-06-24T19:30:08+0200,3.095,goedgekeurd,,
2025-06-24T20:30:09+0200,3.098,goedgekeurd,,
2025-06-24T21:30:10+0200,3.096,goedgekeurd,,
2025-06-24T22:30:10+0200,3.095,goedgekeurd,,
2025-06-24T23:30:09+0200,3.092,goedgekeurd,,
2025-06-25T00:30:10+0200,3.087,goedgekeurd,,
2025-06-25T01:30:10+0200,3.089,goedgekeurd,,
2025-06-25T02:30:10+0200,3.092,goedgekeurd,,
2025-06-25T03:30:10+0200,3.083,goedgekeurd,,
2025-06-25T04:30:10+0200,3.085,goedgekeurd,,
2025-06-25T05:30:10+0200,3.081,goedgekeurd,,
2025-06-25T06:30:10+0200,3.077,goedgekeurd,,
2025-06-25T07:30:10+0200,3.078,goedgekeurd,,
2025-06-25T08:30:11+0200,3.078,goedgekeurd,,
2025-06-25T09:30:11+0200,3.074,goedgekeurd,,
2025-06-25T10:30:11+0200,3.068,goedgekeurd,,
2025-06-25T11:30:12+0200,3.058,goedgekeurd,,
2025-06-25T12:30:12+0200,3.062,goedgekeurd,,
2025-06-25T13:30:11+0200,3.054,goedgekeurd,,
2025-06-25T14:30:12+0200,3.048,goedgekeurd,,
2025-06-25T15:30:12+0200,3.042,goedgekeurd,,
2025-06-25T16:30:12+0200,3.044,goedgekeurd,,
2025-06-25T17:30:12+0200,3.041,goedgekeurd,,
2025-06-25T18:30:13+0200,3.036,goedgekeurd,,
2025-06-25T19:30:13+0200,3.036,goedgekeurd,,
2025-06-25T20:30:13+0200,3.038,goedgekeurd,,
2025-06-25T21:30:13+0200,3.044,goedgekeurd,,
2025-06-25T22:30:13+0200,3.044,goedgekeurd,,
2025-06-25T23:30:14+0200,3.049,goedgekeurd,,
2025-06-26T00:30:14+0200,3.047,goedgekeurd,,
2025-06-26T01:30:14+0200,3.051,goedgekeurd,,
2025-06-26T02:30:14+0200,3.055,goedgekeurd,,
2025-06-26T03:30:14+0200,3.042,goedgekeurd,,
2025-06-26T04:30:14+0200,3.061,goedgekeurd,,
2025-06-26T05:30:14+0200,3.078,goedgekeurd,,
2025-06-26T06:30:15+0200,3.076,goedgekeurd,,
2025-06-26T07:30:15+0200,3.067,goedgekeurd,,
2025-06-26T08:30:15+0200,3.064,goedgekeurd,,
2025-06-26T09:30:15+0200,3.058,goedgekeurd,,
2025-06-26T10:30:15+0200,3.060,goedgekeurd,,
2025-06-26T11:30:16+0200,3.058,goedgekeurd,,
2025-06-26T12:30:16+0200,3.043,goedgekeurd,,
2025-06-26T13:30:16+0200,3.035,goedgekeurd,,
2025-06-26T14:30:16+0200,3.025,goedgekeurd,,
2025-06-26T15:30:16+0200,3.024,goedgekeurd,,
2025-06-26T16:30:17+0200,3.015,goedgekeurd,,
2025-06-26T17:30:16+0200,3.018,goedgekeurd,,
2025-06-26T18:30:16+0200,3.013,goedgekeurd,,
2025-06-26T19:30:17+0200,3.006,goedgekeurd,,
2025-06-26T20:30:18+0200,3.004,goedgekeurd,,
2025-06-26T21:30:17+0200,3.000,goedgekeurd,,
2025-06-26T22:30:18+0200,2.995,goedgekeurd,,
2025-06-26T23:30:18+0200,2.984,goedgekeurd,,
2025-06-27T00:30:18+0200,2.977,goedgekeurd,,
2025-06-27T01:30:18+0200,2.978,goedgekeurd,,
2025-06-27T02:30:18+0200,2.966,goedgekeurd,,
2025-06-27T03:30:18+0200,2.965,goedgekeurd,,
2025-06-27T04:30:19+0200,2.961,goedgekeurd,,
2025-06-27T05:30:18+0200,2.964,goedgekeurd,,
2025-06-27T06:30:18+0200,2.951,goedgekeurd,,
2025-06-27T07:30:18+0200,2.953,goedgekeurd,,
2025-06-27T08:30:19+0200,2.955,goedgekeurd,,
2025-06-27T09:30:19+0200,2.935,goedgekeurd,,
2025-06-27T10:30:20+0200,2.940,goedgekeurd,,
2025-06-27T11:30:19+0200,2.938,goedgekeurd,,
2025-06-27T12:30:20+0200,2.931,goedgekeurd,,
2025-06-27T13:30:20+0200,2.928,goedgekeurd,,
2025-06-27T14:30:20+0200,2.927,goedgekeurd,,
2025-06-27T15:30:20+0200,2.926,goedgekeurd,,
2025-06-27T16:30:20+0200,2.931,goedgekeurd,,
2025-06-27T17:30:20+0200,2.930,goedgekeurd,,
2025-06-27T18:30:21+0200,2.926,goedgekeurd,,
2025-06-27T19:30:21+0200,2.947,goedgekeurd,,
2025-06-27T20:30:21+0200,2.927,goedgekeurd,,
2025-06-27T21:30:21+0200,2.929,goedgekeurd,,
2025-06-27T22:30:21+0200,2.926,goedgekeurd,,
2025-06-27T23:30:21+0200,2.928,goedgekeurd,,
2025-06-28T00:30:21+0200,2.928,goedgekeurd,,
2025-06-28T01:30:22+0200,2.944,goedgekeurd,,
2025-06-28T02:30:22+0200,2.941,goedgekeurd,,
2025-06-28T03:30:22+0200,2.939,goedgekeurd,,
2025-06-28T04:30:23+0200,2.922,goedgekeurd,,
2025-06-28T05:30:23+0200,2.922,goedgekeurd,,
2025-06-28T06:30:23+0200,2.915,goedgekeurd,,
2025-06-28T07:30:23+0200,2.915,goedgekeurd,,
2025-06-28T08:30:23+0200,2.908,goedgekeurd,,
2025-06-28T09:30:23+0200,2.900,goedgekeurd,,
2025-06-28T10:30:23+0200,2.888,goedgekeurd,,
2025-06-28T11:30:24+0200,2.894,goedgekeurd,,
2025-06-28T12:30:24+0200,2.896,goedgekeurd,,
2025-06-28T13:30:24+0200,2.890,goedgekeurd,,
2025-06-28T14:30:25+0200,2.887,goedgekeurd,,
2025-06-28T15:30:25+0200,2.898,goedgekeurd,,
2025-06-28T16:30:25+0200,2.897,goedgekeurd,,
2025-06-28T17:30:25+0200,2.893,goedgekeurd,,
2025-06-28T18:30:25+0200,2.897,goedgekeurd,,
2025-06-28T19:30:25+0200,2.895,goedgekeurd,,
2025-06-28T20:30:25+0200,2.894,goedgekeurd,,
2025-06-28T21:30:25+0200,2.895,goedgekeurd,,
2025-06-28T22:30:25+0200,2.897,goedgekeurd,,
2025-06-28T23:30:26+0200,2.894,goedgekeurd,,
2025-06-29T00:30:26+0200,2.891,goedgekeurd,,
2025-06-29T01:30:26+0200,2.893,goedgekeurd,,
2025-06-29T02:30:26+0200,2.893,goedgekeurd,,
2025-06-29T03:30:26+0200,2.891,goedgekeurd,,
2025-06-29T04:30:26+0200,2.888,goedgekeurd,,
2025-06-29T05:30:27+0200,2.890,goedgekeurd,,
2025-06-29T06:30:27+0200,2.897,goedgekeurd,,
2025-06-29T07:30:27+0200,2.890,goedgekeurd,,
2025-06-29T08:30:27+0200,2.893,goedgekeurd,,
2025-06-29T09:30:27+0200,2.885,goedgekeurd,,
2025-06-29T10:30:27+0200,2.884,goedgekeurd,,
2025-06-29T11:30:28+0200,2.888,goedgekeurd,,
2025-06-29T12:30:28+0200,2.886,goedgekeurd,,
2025-06-29T13:30:28+0200,2.886,goedgekeurd,,
2025-06-29T14:30:28+0200,2.884,goedgekeurd,,
2025-06-29T15:30:28+0200,2.887,goedgekeurd,,
2025-06-29T16:30:28+0200,2.880,goedgekeurd,,
2025-06-29T17:30:28+0200,2.876,goedgekeurd,,
2025-06-29T18:30:29+0200,2.879,goedgekeurd,,
2025-06-29T19:30:29+0200,2.875,goedgekeurd,,
2025-06-29T20:30:30+0200,2.876,goedgekeurd,,
2025-06-29T21:30:30+0200,2.880,goedgekeurd,,
2025-06-29T22:30:29+0200,2.877,goedgekeurd,,
2025-06-29T23:30:29+0200,2.876,goedgekeurd,,
2025-06-30T00:30:30+0200,2.875,goedgekeurd,,
2025-06-30T01:30:31+0200,2.870,goedgekeurd,,
2025-06-30T02:30:31+0200,2.880,goedgekeurd,,
2025-06-30T03:30:30+0200,2.873,goedgekeurd,,
2025-06-30T04:30:30+0200,2.877,goedgekeurd,,
2025-06-30T05:30:30+0200,2.875,goedgekeurd,,
2025-06-30T06:30:31+0200,2.878,goedgekeurd,,
2025-06-30T07:30:31+0200,2.884,goedgekeurd,,
2025-06-30T08:30:31+0200,2.889,goedgekeurd,,
2025-06-30T09:30:31+0200,2.877,goedgekeurd,,
2025-06-30T10:30:32+0200,2.880,goedgekeurd,,
2025-06-30T11:30:32+0200,2.886,goedgekeurd,,
2025-06-30T12:30:32+0200,2.883,goedgekeurd,,
2025-06-30T13:30:32+0200,2.895,goedgekeurd,,
2025-06-30T14:30:32+0200,2.896,goedgekeurd,,
2025-06-30T15:30:32+0200,2.902,goedgekeurd,,
2025-06-30T16:30:33+0200,2.881,goedgekeurd,,
2025-06-30T17:30:33+0200,2.897,goedgekeurd,,
2025-06-30T18:30:33+0200,2.901,goedgekeurd,,
2025-06-30T19:30:33+0200,2.909,goedgekeurd,,
2025-06-30T20:30:34+0200,2.912,goedgekeurd,,
2025-06-30T21:30:33+0200,2.917,goedgekeurd,,
2025-06-30T22:30:34+0200,2.912,goedgekeurd,,
2025-06-30T23:30:34+0200,2.912,goedgekeurd,,
2025-07-01T00:30:34+0200,2.906,goedgekeurd,,
2025-07-01T01:30:34+0200,2.904,goedgekeurd,,
