<?xml version="1.0" encoding="UTF-8" standalone="yes"?><dispatchDataResponse xmlns:xlink="http://www.w3.org/1999/xlink" xmlns:brocom="http://www.broservices.nl/xsd/brocommon/3.0" xmlns:gmwcommon="http://www.broservices.nl/xsd/gmwcommon/1.1" xmlns:gml="http://www.opengis.net/gml/3.2" xmlns="http://www.broservices.nl/xsd/dsgmw/1.1"><brocom:responseType>dispatch</brocom:responseType><brocom:requestReference>-</brocom:requestReference><brocom:dispatchTime>2025-08-21T09:34:05+02:00</brocom:dispatchTime><dispatchDocument><GMW_PO gml:id="BRO_0003"><brocom:broId>GMW000000005020</brocom:broId><brocom:deliveryAccountableParty>30280353</brocom:deliveryAccountableParty><brocom:qualityRegime>IMBRO/A</brocom:qualityRegime><withPrehistory>nee</withPrehistory><deliveryContext codeSpace="urn:bro:gmw:DeliveryContext">publiekeTaak</deliveryContext><constructionStandard codeSpace="urn:bro:gmw:ConstructionStandard">NEN5104</constructionStandard><initialFunction codeSpace="urn:bro:gmw:InitialFunction">onbekend</initialFunction><removed>nee</removed><numberOfMonitoringTubes>1</numberOfMonitoringTubes><groundLevelStable>onbekend</groundLevelStable><wellStability codeSpace="urn:bro:gmw:WellStability">onbekend</wellStability><nitgCode>B31H2632</nitgCode><wellCode>GMW31H002632</wellCode><owner>30280353</owner><wellHeadProtector codeSpace="urn:bro:gmw:WellHeadProtector">onbekend</wellHeadProtector><deliveredLocation><gmwcommon:location srsName="urn:ogc:def:crs:EPSG::28992" gml:id="BRO_0001"><gml:pos>136668.000 456275.000</gml:pos></gmwcommon:location><gmwcommon:horizontalPositioningMethod codeSpace="urn:bro:gmw:HorizontalPositioningMethod">RTKGPS5tot10cm</gmwcommon:horizontalPositioningMethod></deliveredLocation><deliveredVerticalPosition><gmwcommon:localVerticalReferencePoint codeSpace="urn:bro:gmw:LocalVerticalReferencePoint">NAP</gmwcommon:localVerticalReferencePoint><gmwcommon:offset uom="m">0.000</gmwcommon:offset><gmwcommon:verticalDatum codeSpace="urn:bro:gmw:VerticalDatum">NAP</gmwcommon:verticalDatum><gmwcommon:groundLevelPosition uom="m">2.850</gmwcommon:groundLevelPosition><gmwcommon:groundLevelPositioningMethod codeSpace="urn:bro:gmw:GroundLevelPositioningMethod">RTKGPS0tot4cm</gmwcommon:groundLevelPositioningMethod></deliveredVerticalPosition><standardizedLocation><brocom:location srsName="urn:ogc:def:crs:EPSG::4258" gml:id="BRO_0002"><gml:pos>52.094424810 5.119688720</gml:pos></brocom:location><brocom:coordinateTransformation codeSpace="urn:bro:CoordinateTransformation">RDNAPTRANS2008</brocom:coordinateTransformation></standardizedLocation><registrationHistory><brocom:objectRegistrationTime>2019-03-27T15:13:54+01:00</brocom:objectRegistrationTime><brocom:registrationStatus codeSpace="urn:bro:RegistrationStatus">geregistreerd</brocom:registrationStatus><brocom:corrected>nee</brocom:corrected><brocom:underReview>nee</brocom:underReview><brocom:deregistered>nee</brocom:deregistered><brocom:reregistered>nee</brocom:reregistered></registrationHistory><wellHistory><wellConstructionDate><brocom:date>1962-01-14</brocom:date></wellConstructionDate></wellHistory><monitoringTube><tubeNumber>2</tubeNumber><tubeType codeSpace="urn:bro:gmw:TubeType">standaardbuis</tubeType><artesianWellCapPresent>nee</artesianWellCapPresent><sedimentSumpPresent>nee</sedimentSumpPresent><numberOfGeoOhmCables>0</numberOfGeoOhmCables><tubeTopDiameter xmlns:xsi="http://www.w3.org/2001/XMLSchema-instance" uom="mm" xsi:nil="true"/><variableDiameter>onbekend</variableDiameter><tubeStatus codeSpace="urn:bro:gmw:TubeStatus">gebruiksklaar</tubeStatus><tubeTopPosition uom="m">2.760</tubeTopPosition><tubeTopPositioningMethod codeSpace="urn:bro:gmw:TubeTopPositioningMethod">onbekend</tubeTopPositioningMethod><tubePartInserted>nee</tubePartInserted><tubeInUse>onbekend</tubeInUse><materialUsed><gmwcommon:tubePackingMaterial codeSpace="urn:bro:gmw:TubePackingMaterial">onbekend</gmwcommon:tubePackingMaterial><gmwcommon:tubeMaterial codeSpace="urn:bro:gmw:TubeMaterial">onbekend</gmwcommon:tubeMaterial><gmwcommon:glue codeSpace="urn:bro:gmw:Glue">onbekend</gmwcommon:glue></materialUsed><screen><screenLength uom="m">1.000</screenLength><sockMaterial codeSpace="urn:bro:gmw:SockMaterial">onbekend</sockMaterial><screenTopPosition uom="m">-1.880</screenTopPosition><screenBottomPosition uom="m">-2.880</screenBottomPosition></screen><plainTubePart><gmwcommon:plainTubePartLength uom="m">4.640</gmwcommon:plainTubePartLength></plainTubePart></monitoringTube></GMW_PO></dispatchDocument></dispatchDataResponse>