<?xml version="1.0" encoding="UTF-8" standalone="yes"?><dispatchDataResponse xmlns:xlink="http://www.w3.org/1999/xlink" xmlns:brocom="http://www.broservices.nl/xsd/brocommon/3.0" xmlns:gmwcommon="http://www.broservices.nl/xsd/gmwcommon/1.1" xmlns:gml="http://www.opengis.net/gml/3.2" xmlns="http://www.broservices.nl/xsd/dsgmw/1.1"><brocom:responseType>dispatch</brocom:responseType><brocom:requestReference>-</brocom:requestReference><brocom:dispatchTime>2025-08-21T09:33:07+02:00</brocom:dispatchTime><dispatchDocument><GMW_PO gml:id="BRO_0003"><brocom:broId>GMW000000046811</brocom:broId><brocom:deliveryAccountableParty>30280353</brocom:deliveryAccountableParty><brocom:qualityRegime>IMBRO</brocom:qualityRegime><withPrehistory>nee</withPrehistory><deliveryContext codeSpace="urn:bro:gmw:DeliveryContext">WW</deliveryContext><constructionStandard codeSpace="urn:bro:gmw:ConstructionStandard">NEN5104</constructionStandard><initialFunction codeSpace="urn:bro:gmw:InitialFunction">stand</initialFunction><removed>nee</removed><numberOfMonitoringTubes>1</numberOfMonitoringTubes><groundLevelStable>ja</groundLevelStable><wellCode>GMW31H128734</wellCode><owner>30280353</owner><wellHeadProtector codeSpace="urn:bro:gmw:WellHeadProtector">potNietWaterdicht</wellHeadProtector><deliveredLocation><gmwcommon:location srsName="urn:ogc:def:crs:EPSG::28992" gml:id="BRO_0001"><gml:pos>136221.140 456177.600</gml:pos></gmwcommon:location><gmwcommon:horizontalPositioningMethod codeSpace="urn:bro:gmw:HorizontalPositioningMethod">RTKGPS5tot10cm</gmwcommon:horizontalPositioningMethod></deliveredLocation><deliveredVerticalPosition><gmwcommon:localVerticalReferencePoint codeSpace="urn:bro:gmw:LocalVerticalReferencePoint">NAP</gmwcommon:localVerticalReferencePoint><gmwcommon:offset uom="m">0.000</gmwcommon:offset><gmwcommon:verticalDatum codeSpace="urn:bro:gmw:VerticalDatum">NAP</gmwcommon:verticalDatum><gmwcommon:groundLevelPosition uom="m">2.750</gmwcommon:groundLevelPosition><gmwcommon:groundLevelPositioningMethod codeSpace="urn:bro:gmw:GroundLevelPositioningMethod">RTKGPS0tot4cm</gmwcommon:groundLevelPositioningMethod></deliveredVerticalPosition><standardizedLocation><brocom:location srsName="urn:ogc:def:crs:EPSG::4258" gml:id="BRO_0002"><gml:pos>52.093534430 5.113173270</gml:pos></brocom:location><brocom:coordinateTransformation codeSpace="urn:bro:CoordinateTransformation">RDNAPTRANS2008</brocom:coordinateTransformation></standardizedLocation><registrationHistory><brocom:objectRegistrationTime>2021-03-30T11:11:58+02:00</brocom:objectRegistrationTime><brocom:registrationStatus codeSpace="urn:bro:RegistrationStatus">geregistreerd</brocom:registrationStatus><brocom:corrected>nee</brocom:corrected><brocom:underReview>nee</brocom:underReview><brocom:deregistered>nee</brocom:deregistered><brocom:reregistered>nee</brocom:reregistered></registrationHistory><wellHistory><wellConstructionDate><brocom:date>2020-11-19</brocom:date></wellConstructionDate></wellHistory><monitoringTube><tubeNumber>1</tubeNumber><tubeType codeSpace="urn:bro:gmw:TubeType">standaardbuis</tubeType><artesianWellCapPresent>nee</artesianWellCapPresent><sedimentSumpPresent>nee</sedimentSumpPresent><numberOfGeoOhmCables>0</numberOfGeoOhmCables><tubeTopDiameter uom="mm">40</tubeTopDiameter><variableDiameter>nee</variableDiameter><tubeStatus codeSpace="urn:bro:gmw:TubeStatus">gebruiksklaar</tubeStatus><tubeTopPosition uom="m">2.650</tubeTopPosition><tubeTopPositioningMethod codeSpace="urn:bro:gmw:TubeTopPositioningMethod">RTKGPS0tot4cm</tubeTopPositioningMethod><tubePartInserted>nee</tubePartInserted><tubeInUse>ja</tubeInUse><materialUsed><gmwcommon:tubePackingMaterial codeSpace="urn:bro:gmw:TubePackingMaterial">bentonietFiltergrind</gmwcommon:tubePackingMaterial><gmwcommon:tubeMaterial codeSpace="urn:bro:gmw:TubeMaterial">pvc</gmwcommon:tubeMaterial><gmwcommon:glue codeSpace="urn:bro:gmw:Glue">geen</gmwcommon:glue></materialUsed><screen><screenLength uom="m">1.000</screenLength><sockMaterial codeSpace="urn:bro:gmw:SockMaterial">pp</sockMaterial><screenTopPosition uom="m">1.150</screenTopPosition><screenBottomPosition uom="m">0.150</screenBottomPosition></screen><plainTubePart><gmwcommon:plainTubePartLength uom="m">1.500</gmwcommon:plainTubePartLength></plainTubePart></monitoringTube></GMW_PO></dispatchDocument></dispatchDataResponse>